-- Address
insert into address (id, address, city, postal_code) values (1, '4 Manufacturers Trail', 'Puksoozero', '164251');
insert into address (id, address, city, postal_code) values (2, '0950 Forest Dale Parkway', 'Nanping', null);
insert into address (id, address, city, postal_code) values (3, '481 Pierstorff Point', 'Vito', '1659');
insert into address (id, address, city, postal_code) values (4, '40850 Oriole Terrace', 'Stavanger', '4064');
insert into address (id, address, city, postal_code) values (5, '9516 Miller Way', 'Luxi', null);
insert into address (id, address, city, postal_code) values (6, '736 Linden Court', 'Qiqin', null);
insert into address (id, address, city, postal_code) values (7, '668 Florence Hill', 'Los Tangos', null);
insert into address (id, address, city, postal_code) values (8, '58 Crest Line Court', 'Ichuña', null);
insert into address (id, address, city, postal_code) values (9, '3 Paget Lane', 'João Pinheiro', '38770-000');
insert into address (id, address, city, postal_code) values (10, '1 Glendale Place', 'Kut Chap', '14150');
insert into address (id, address, city, postal_code) values (11, '87387 Center Avenue', 'Kuching', '93702');
insert into address (id, address, city, postal_code) values (12, '47785 Mesta Junction', 'Thạnh Phú', null);
insert into address (id, address, city, postal_code) values (13, '560 Warner Avenue', 'Itatiba', '13250-000');
insert into address (id, address, city, postal_code) values (14, '2 Service Lane', 'Hongkeli', null);
insert into address (id, address, city, postal_code) values (15, '12628 New Castle Place', 'Pentre', 'SY4');
insert into address (id, address, city, postal_code) values (16, '74338 Carberry Park', 'Kalisabuk', null);
insert into address (id, address, city, postal_code) values (17, '2 Vidon Terrace', 'Eséka', null);
insert into address (id, address, city, postal_code) values (18, '688 Killdeer Park', 'Bicesse', '2645-168');
insert into address (id, address, city, postal_code) values (19, '70 Gateway Place', 'Qingshui', null);
insert into address (id, address, city, postal_code) values (20, '66 Swallow Avenue', 'Elefsína', null);
insert into address (id, address, city, postal_code) values (21, '342 Vera Avenue', 'Wongka', null);
insert into address (id, address, city, postal_code) values (22, '95493 Huxley Parkway', 'Kalyny', null);
insert into address (id, address, city, postal_code) values (23, '44536 Londonderry Alley', 'Bakungan', null);
insert into address (id, address, city, postal_code) values (24, '7 Huxley Pass', 'Guri i Zi', null);
insert into address (id, address, city, postal_code) values (25, '8609 Gateway Court', 'Anguil', '6326');
insert into address (id, address, city, postal_code) values (26, '98105 Magdeline Road', 'Cikananga', null);
insert into address (id, address, city, postal_code) values (27, '4286 Oakridge Lane', 'Nanganga', null);
insert into address (id, address, city, postal_code) values (28, '2 Blue Bill Park Alley', 'Bindura', null);
insert into address (id, address, city, postal_code) values (29, '39550 Stone Corner Pass', 'Changleng', null);
insert into address (id, address, city, postal_code) values (30, '239 Ohio Street', 'Manaquiri', '69435-000');
insert into address (id, address, city, postal_code) values (31, '6 Summit Junction', 'Petrovsk', '412545');
insert into address (id, address, city, postal_code) values (32, '8 Southridge Street', 'Jindřichov', '788 23');
insert into address (id, address, city, postal_code) values (33, '716 Michigan Place', 'Vesele', null);
insert into address (id, address, city, postal_code) values (34, '3058 Debra Trail', 'Jawand', null);
insert into address (id, address, city, postal_code) values (35, '30 Bayside Way', 'Pocito', '6430');
insert into address (id, address, city, postal_code) values (36, '00772 Farmco Street', 'Tatarsk', '632147');
insert into address (id, address, city, postal_code) values (37, '281 Anhalt Junction', 'Yunfu', null);
insert into address (id, address, city, postal_code) values (38, '62 Fallview Park', 'Luleå', '974 36');
insert into address (id, address, city, postal_code) values (39, '45158 Westport Trail', 'Concordia', null);
insert into address (id, address, city, postal_code) values (40, '34677 Lawn Pass', 'Shiren', null);
insert into address (id, address, city, postal_code) values (41, '848 Luster Pass', 'Banepa', null);
insert into address (id, address, city, postal_code) values (42, '4 Lerdahl Alley', 'Walichnowy', '85-056');
insert into address (id, address, city, postal_code) values (43, '51 Sycamore Drive', 'Nancheng', null);
insert into address (id, address, city, postal_code) values (44, '1558 Myrtle Pass', 'Seredyna-Buda', null);
insert into address (id, address, city, postal_code) values (45, '14437 Jenifer Avenue', 'Svrljig', null);
insert into address (id, address, city, postal_code) values (46, '2474 Kensington Parkway', 'Yongchang', null);
insert into address (id, address, city, postal_code) values (47, '0931 Pennsylvania Plaza', 'Guruafin', null);
insert into address (id, address, city, postal_code) values (48, '48 Vernon Street', 'Huili', null);
insert into address (id, address, city, postal_code) values (49, '21 Nevada Way', 'Gierałtowice', '44-186');
insert into address (id, address, city, postal_code) values (50, '817 East Way', 'Centre de Flacq', null);

-- Client
insert into client (id, email, name, phone, address_id) values (1, 'crodrigo0@hud.gov', 'Chaunce Rodrigo', '5051287700', 7);
insert into client (id, email, name, phone, address_id) values (2, 'eparkin1@cmu.edu', 'Emmy Parkin', '6147257572', 13);
insert into client (id, email, name, phone, address_id) values (3, 'hbroadbear2@diigo.com', 'Halsy Broadbear', '9106912169', 21);
insert into client (id, email, name, phone, address_id) values (4, 'nstroyan3@sfgate.com', 'Nikola Stroyan', '1381571149', 10);
insert into client (id, email, name, phone, address_id) values (5, 'mhelix4@miibeian.gov.cn', 'Meris Helix', '9564693083', 7);
insert into client (id, email, name, phone, address_id) values (6, 'ecoyne5@hatena.ne.jp', 'Eben Coyne', '1402216007', 20);
insert into client (id, email, name, phone, address_id) values (7, 'mschwier6@godaddy.com', 'Morlee Schwier', '8918169980', 7);
insert into client (id, email, name, phone, address_id) values (8, 'cmcgrey7@google.de', 'Chandler McGrey', '5522314808', 47);
insert into client (id, email, name, phone, address_id) values (9, 'tmcduall8@wp.com', 'Temple McDuall', '4931642260', 5);
insert into client (id, email, name, phone, address_id) values (10, 'mgodehardsf9@theatlantic.com', 'Madge Godehard.sf', '3145591400', 25);
insert into client (id, email, name, phone, address_id) values (11, 'mspringtorpa@desdev.cn', 'Merrel Springtorp', '2482826678', 6);
insert into client (id, email, name, phone, address_id) values (12, 'ehaukeyb@alibaba.com', 'Elfreda Haukey', '4942576787', 46);
insert into client (id, email, name, phone, address_id) values (13, 'tciottic@dmoz.org', 'Taffy Ciotti', '2999568837', 29);
insert into client (id, email, name, phone, address_id) values (14, 'vheskeyd@studiopress.com', 'Valida Heskey', '9034863461', 46);
insert into client (id, email, name, phone, address_id) values (15, 'amuslime@t-online.de', 'Ailina Muslim', '6635450269', 15);
insert into client (id, email, name, phone, address_id) values (16, 'dshillumf@constantcontact.com', 'Dottie Shillum', '1386660155', 45);
insert into client (id, email, name, phone, address_id) values (17, 'jcroftg@infoseek.co.jp', 'Jo-ann Croft', '4304498326', 31);
insert into client (id, email, name, phone, address_id) values (18, 'hwhearh@cnet.com', 'Holli Whear', '7679002033', 42);
insert into client (id, email, name, phone, address_id) values (19, 'cjedrzejkiewiczi@loc.gov', 'Clywd Jedrzejkiewicz', '1762092910', 2);
insert into client (id, email, name, phone, address_id) values (20, 'cattawayj@behance.net', 'Cissiee Attaway', '7101791274', 15);
insert into client (id, email, name, phone, address_id) values (21, 'mboldtk@psu.edu', 'Manda Boldt', '7208008093', 19);
insert into client (id, email, name, phone, address_id) values (22, 'ktrenchardl@addthis.com', 'Kenyon Trenchard', '1568478279', 45);
insert into client (id, email, name, phone, address_id) values (23, 'fcominom@skyrock.com', 'Filia Comino', '9388858267', 31);
insert into client (id, email, name, phone, address_id) values (24, 'ccromwelln@chron.com', 'Cull Cromwell', '4777388477', 27);
insert into client (id, email, name, phone, address_id) values (25, 'afrancoiso@nasa.gov', 'Alla Francois', '5021056921', 39);
insert into client (id, email, name, phone, address_id) values (26, 'aarguilep@europa.eu', 'Aloysia Arguile', '8927448036', 43);
insert into client (id, email, name, phone, address_id) values (27, 'cbelisonq@amazon.co.uk', 'Caty Belison', '6193482657', 47);
insert into client (id, email, name, phone, address_id) values (28, 'kgregorior@eepurl.com', 'Kristo Gregorio', '7072615634', 49);
insert into client (id, email, name, phone, address_id) values (29, 'tcleavess@clickbank.net', 'Tracie Cleaves', '7596589931', 30);
insert into client (id, email, name, phone, address_id) values (30, 'cargabritet@loc.gov', 'Chantal Argabrite', '3685054055', 16);
insert into client (id, email, name, phone, address_id) values (31, 'mcabanu@wp.com', 'Mattheus Caban', '7871558878', 15);
insert into client (id, email, name, phone, address_id) values (32, 'jrotheryv@booking.com', 'Jacquie Rothery', '1343769902', 49);
insert into client (id, email, name, phone, address_id) values (33, 'adeww@youtube.com', 'Adan Dew', '3349657317', 5);
insert into client (id, email, name, phone, address_id) values (34, 'ktabourx@ucoz.com', 'Klement Tabour', '9778324405', 46);
insert into client (id, email, name, phone, address_id) values (35, 'tfarlaney@nasa.gov', 'Titos Farlane', '8347590966', 7);
insert into client (id, email, name, phone, address_id) values (36, 'tnaismithz@timesonline.co.uk', 'Trent Naismith', '9435956925', 5);
insert into client (id, email, name, phone, address_id) values (37, 'jvan10@unblog.fr', 'Josefa Van Niekerk', '7268507313', 46);
insert into client (id, email, name, phone, address_id) values (38, 'blist11@dailymotion.com', 'Berta List', '4617011864', 27);
insert into client (id, email, name, phone, address_id) values (39, 'djuppe12@hibu.com', 'Dory Juppe', '4415853112', 23);
insert into client (id, email, name, phone, address_id) values (40, 'bhakeworth13@nature.com', 'Brit Hakeworth', '4023855786', 43);
insert into client (id, email, name, phone, address_id) values (41, 'rreolfo14@mozilla.org', 'Reinaldos Reolfo', '6895246574', 11);
insert into client (id, email, name, phone, address_id) values (42, 'npetzold15@com.com', 'Natty Petzold', '8904408036', 8);
insert into client (id, email, name, phone, address_id) values (43, 'cwoakes16@gov.uk', 'Cairistiona Woakes', '9529654589', 32);
insert into client (id, email, name, phone, address_id) values (44, 'rhollibone17@msn.com', 'Rog Hollibone', '6211377627', 20);
insert into client (id, email, name, phone, address_id) values (45, 'msurgison18@soup.io', 'Morgana Surgison', '8321224529', 20);
insert into client (id, email, name, phone, address_id) values (46, 'mdonisthorpe19@bravesites.com', 'Morton Donisthorpe', '5134250964', 4);
insert into client (id, email, name, phone, address_id) values (47, 'hyeabsley1a@newsvine.com', 'Helyn Yeabsley', '9703298778', 8);
insert into client (id, email, name, phone, address_id) values (48, 'bickeringill1b@marketwatch.com', 'Bo Ickeringill', '8764093621', 45);
insert into client (id, email, name, phone, address_id) values (49, 'cvida1c@sohu.com', 'Claiborne Vida', '7962098287', 41);
insert into client (id, email, name, phone, address_id) values (50, 'kvasin1d@bloomberg.com', 'Kelwin Vasin', '7965602561', 18);

-- Restaurant
insert into restaurant (id, name, address_id) values (1, 'VALE S.A.', 7);
insert into restaurant (id, name, address_id) values (2, 'Mitel Networks Corporation', 23);
insert into restaurant (id, name, address_id) values (3, 'Mack-Cali Realty Corporation', 23);
insert into restaurant (id, name, address_id) values (4, 'KVH Industries, Inc.', 9);
insert into restaurant (id, name, address_id) values (5, 'Morningstar, Inc.', 7);
insert into restaurant (id, name, address_id) values (6, 'Nevro Corp.', 12);
insert into restaurant (id, name, address_id) values (7, 'Model N, Inc.', 32);
insert into restaurant (id, name, address_id) values (8, 'Zebra Technologies Corporation', 26);
insert into restaurant (id, name, address_id) values (9, 'Select Medical Holdings Corporation', 16);
insert into restaurant (id, name, address_id) values (10, 'Freeport-McMoran, Inc.', 35);
insert into restaurant (id, name, address_id) values (11, 'Pennsylvania Real Estate Investment Trust', 11);
insert into restaurant (id, name, address_id) values (12, 'Infinera Corporation', 6);
insert into restaurant (id, name, address_id) values (13, 'Invesco Municipal Trust', 30);
insert into restaurant (id, name, address_id) values (14, 'ReWalk Robotics Ltd', 27);
insert into restaurant (id, name, address_id) values (15, 'Galmed Pharmaceuticals Ltd.', 13);
insert into restaurant (id, name, address_id) values (16, 'First Trust Nasdaq Oil & Gas ETF', 31);
insert into restaurant (id, name, address_id) values (17, 'Alexander & Baldwin Holdings, Inc.', 33);
insert into restaurant (id, name, address_id) values (18, 'Apollo Global Management, LLC', 49);
insert into restaurant (id, name, address_id) values (19, 'Jumei International Holding Limited', 40);
insert into restaurant (id, name, address_id) values (20, 'Charter Financial Corp.', 5);
insert into restaurant (id, name, address_id) values (21, 'Digital Realty Trust, Inc.', 17);
insert into restaurant (id, name, address_id) values (22, 'Sonic Automotive, Inc.', 34);
insert into restaurant (id, name, address_id) values (23, 'Groupon, Inc.', 50);
insert into restaurant (id, name, address_id) values (24, 'Quanex Building Products Corporation', 37);
insert into restaurant (id, name, address_id) values (25, 'Hudson Pacific Properties, Inc.', 27);
insert into restaurant (id, name, address_id) values (26, 'Energy XXI Gulf Coast, Inc.', 20);
insert into restaurant (id, name, address_id) values (27, 'Globus Maritime Limited', 4);
insert into restaurant (id, name, address_id) values (28, 'Vornado Realty Trust', 18);
insert into restaurant (id, name, address_id) values (29, 'Northfield Bancorp, Inc.', 22);
insert into restaurant (id, name, address_id) values (30, 'ICC Holdings, Inc.', 37);
insert into restaurant (id, name, address_id) values (31, 'ProShares UltraPro Short NASDAQ Biotechnology', 22);
insert into restaurant (id, name, address_id) values (32, 'India Fund, Inc. (The)', 44);
insert into restaurant (id, name, address_id) values (33, 'CBL & Associates Properties, Inc.', 30);
insert into restaurant (id, name, address_id) values (34, 'Fiserv, Inc.', 31);
insert into restaurant (id, name, address_id) values (35, 'Natera, Inc.', 45);
insert into restaurant (id, name, address_id) values (36, 'Gladstone Capital Corporation', 37);
insert into restaurant (id, name, address_id) values (37, 'CBL & Associates Properties, Inc.', 13);
insert into restaurant (id, name, address_id) values (38, 'Culp, Inc.', 19);
insert into restaurant (id, name, address_id) values (39, 'Shinhan Financial Group Co Ltd', 21);
insert into restaurant (id, name, address_id) values (40, 'Gencor Industries Inc.', 40);
insert into restaurant (id, name, address_id) values (41, 'Helios and Matheson Analytics Inc', 30);
insert into restaurant (id, name, address_id) values (42, 'PIMCO Dynamic Income Fund', 41);
insert into restaurant (id, name, address_id) values (43, 'Under Armour, Inc.', 25);
insert into restaurant (id, name, address_id) values (44, 'NantKwest, Inc.', 35);
insert into restaurant (id, name, address_id) values (45, 'MB Financial Inc.', 41);
insert into restaurant (id, name, address_id) values (46, 'Oritani Financial Corp.', 30);
insert into restaurant (id, name, address_id) values (47, 'Bristol-Myers Squibb Company', 29);
insert into restaurant (id, name, address_id) values (48, 'Sears Holdings Corporation', 19);
insert into restaurant (id, name, address_id) values (49, 'Selective Insurance Group, Inc.', 11);
insert into restaurant (id, name, address_id) values (50, 'Molson Coors Brewing  Company', 49);

-- Ingredients
insert into ingredient (id, description, ingredient_type, name, price) values (1, 'Vestibulum quam sapien, varius ut, blandit non, interdum in, ante. Vestibulum ante ipsum primis in faucibus orci luctus et ultrices posuere cubilia Curae; Duis faucibus accumsan odio. Curabitur convallis.', 6, 'Melocactus Link & Otto', 12.12);
insert into ingredient (id, description, ingredient_type, name, price) values (2, 'Morbi porttitor lorem id ligula. Suspendisse ornare consequat lectus. In est risus, auctor sed, tristique in, tempus sit amet, sem.', 2, 'Drepanocladus aduncus (Hedw.) Warnst. var. polycarpus (Bland. ex Voit) G. Roth', 13.58);
insert into ingredient (id, description, ingredient_type, name, price) values (3, 'Sed sagittis. Nam congue, risus semper porta volutpat, quam pede lobortis ligula, sit amet eleifend pede libero quis orci. Nullam molestie nibh in lectus.', 6, 'Arabis shockleyi Munz', 31.63);
insert into ingredient (id, description, ingredient_type, name, price) values (4, 'Proin leo odio, porttitor id, consequat in, consequat ut, nulla. Sed accumsan felis. Ut at dolor quis odio consequat varius.', 1, 'Astragalus deanei (Rydb.) Barneby', 8.7);
insert into ingredient (id, description, ingredient_type, name, price) values (5, 'Curabitur at ipsum ac tellus semper interdum. Mauris ullamcorper purus sit amet nulla. Quisque arcu libero, rutrum ac, lobortis vel, dapibus at, diam.', 5, 'Dubautia pauciflorula H. St. John & G.D. Carr', 0.92);
insert into ingredient (id, description, ingredient_type, name, price) values (6, 'Phasellus in felis. Donec semper sapien a libero. Nam dui.', 7, 'Boerhavia megaptera Standl.', 26.41);
insert into ingredient (id, description, ingredient_type, name, price) values (7, 'Aliquam quis turpis eget elit sodales scelerisque. Mauris sit amet eros. Suspendisse accumsan tortor quis turpis.', 6, 'Ivesia lycopodioides A. Gray ssp. scandularis (Rydb.) D.D. Keck', 2.36);
insert into ingredient (id, description, ingredient_type, name, price) values (8, 'Curabitur gravida nisi at nibh. In hac habitasse platea dictumst. Aliquam augue quam, sollicitudin vitae, consectetuer eget, rutrum at, lorem.', 1, 'Glandularia J.F. Gmel.', 0.0);
insert into ingredient (id, description, ingredient_type, name, price) values (9, 'Morbi porttitor lorem id ligula. Suspendisse ornare consequat lectus. In est risus, auctor sed, tristique in, tempus sit amet, sem.', 7, 'Eucalyptus cloeziana F. Muell.', 4.86);
insert into ingredient (id, description, ingredient_type, name, price) values (10, 'Cras non velit nec nisi vulputate nonummy. Maecenas tincidunt lacus at velit. Vivamus vel nulla eget eros elementum pellentesque.', 4, 'Acleisanthes obtusa (Choisy) Standl.', 24.06);
insert into ingredient (id, description, ingredient_type, name, price) values (11, 'Nulla ut erat id mauris vulputate elementum. Nullam varius. Nulla facilisi.', 6, 'Bryum billarderi Schwägr.', 26.5);
insert into ingredient (id, description, ingredient_type, name, price) values (12, 'Aenean fermentum. Donec ut mauris eget massa tempor convallis. Nulla neque libero, convallis eget, eleifend luctus, ultricies eu, nibh.', 6, 'Lobelia erinus L.', 20.61);
insert into ingredient (id, description, ingredient_type, name, price) values (13, 'Integer ac leo. Pellentesque ultrices mattis odio. Donec vitae nisi.', 4, 'Rubus parlinii L.H. Bailey', 3.23);
insert into ingredient (id, description, ingredient_type, name, price) values (14, 'Donec diam neque, vestibulum eget, vulputate ut, ultrices vel, augue. Vestibulum ante ipsum primis in faucibus orci luctus et ultrices posuere cubilia Curae; Donec pharetra, magna vestibulum aliquet ultrices, erat tortor sollicitudin mi, sit amet lobortis sapien sapien non mi. Integer ac neque.', 6, 'Bothriochloa Kuntze', 30.13);
insert into ingredient (id, description, ingredient_type, name, price) values (15, 'Proin eu mi. Nulla ac enim. In tempor, turpis nec euismod scelerisque, quam turpis adipiscing lorem, vitae mattis nibh ligula nec sem.', 7, 'Letharia vulpina (L.) Hue', 20.49);
insert into ingredient (id, description, ingredient_type, name, price) values (16, 'Maecenas tristique, est et tempus semper, est quam pharetra magna, ac consequat metus sapien ut nunc. Vestibulum ante ipsum primis in faucibus orci luctus et ultrices posuere cubilia Curae; Mauris viverra diam vitae quam. Suspendisse potenti.', 8, 'Osmanthus heterophyllus (G. Don) P.S. Green', 27.44);
insert into ingredient (id, description, ingredient_type, name, price) values (17, 'Curabitur gravida nisi at nibh. In hac habitasse platea dictumst. Aliquam augue quam, sollicitudin vitae, consectetuer eget, rutrum at, lorem.', 7, 'Cistanthe umbellata (Torr.) Hershkovitz var. umbellata', 14.46);
insert into ingredient (id, description, ingredient_type, name, price) values (18, 'Phasellus sit amet erat. Nulla tempus. Vivamus in felis eu sapien cursus vestibulum.', 6, 'Odontosoria scandens (Desv.) C. Chr.', 14.66);
insert into ingredient (id, description, ingredient_type, name, price) values (19, 'Cras mi pede, malesuada in, imperdiet et, commodo vulputate, justo. In blandit ultrices enim. Lorem ipsum dolor sit amet, consectetuer adipiscing elit.', 6, 'Arenaria congesta Nutt. var. subcongesta (S. Watson) S. Watson', 28.83);
insert into ingredient (id, description, ingredient_type, name, price) values (20, 'Duis consequat dui nec nisi volutpat eleifend. Donec ut dolor. Morbi vel lectus in quam fringilla rhoncus.', 6, 'Micromitrium wrightii (Müll. Hal.) Crosby', 3.44);
insert into ingredient (id, description, ingredient_type, name, price) values (21, 'Fusce consequat. Nulla nisl. Nunc nisl.', 8, 'Lycium berlandieri Dunal var. parviflorum (A. Gray) Terracc.', 15.18);
insert into ingredient (id, description, ingredient_type, name, price) values (22, 'Praesent id massa id nisl venenatis lacinia. Aenean sit amet justo. Morbi ut odio.', 3, 'Jaffueliobryum Thér.', 19.07);
insert into ingredient (id, description, ingredient_type, name, price) values (23, 'Cras non velit nec nisi vulputate nonummy. Maecenas tincidunt lacus at velit. Vivamus vel nulla eget eros elementum pellentesque.', 7, 'Penstemon paysoniorum D.D. Keck', 2.35);
insert into ingredient (id, description, ingredient_type, name, price) values (24, 'Etiam vel augue. Vestibulum rutrum rutrum neque. Aenean auctor gravida sem.', 6, 'Potentilla concinna Richardson var. proxima (Rydb.) S.L. Welsh & B.C. Johnst.', 23.92);
insert into ingredient (id, description, ingredient_type, name, price) values (25, 'Integer tincidunt ante vel ipsum. Praesent blandit lacinia erat. Vestibulum sed magna at nunc commodo placerat.', 8, 'Delphinium parryi A. Gray', 34.81);
insert into ingredient (id, description, ingredient_type, name, price) values (26, 'Integer tincidunt ante vel ipsum. Praesent blandit lacinia erat. Vestibulum sed magna at nunc commodo placerat.', 2, 'Egletes prostrata (Sw.) Kuntze', 24.17);
insert into ingredient (id, description, ingredient_type, name, price) values (27, 'In sagittis dui vel nisl. Duis ac nibh. Fusce lacus purus, aliquet at, feugiat non, pretium quis, lectus.', 2, 'Lespedeza potaninii Vassiliev', 22.41);
insert into ingredient (id, description, ingredient_type, name, price) values (28, 'Duis bibendum. Morbi non quam nec dui luctus rutrum. Nulla tellus.', 3, 'Robinia hispida L. var. rosea Pursh', 29.92);
insert into ingredient (id, description, ingredient_type, name, price) values (29, 'Nullam porttitor lacus at turpis. Donec posuere metus vitae ipsum. Aliquam non mauris.', 1, 'Clintonia Raf.', 28.18);
insert into ingredient (id, description, ingredient_type, name, price) values (30, 'Praesent id massa id nisl venenatis lacinia. Aenean sit amet justo. Morbi ut odio.', 1, 'Isopogon dubius (R. Br.) Druce', 25.16);
insert into ingredient (id, description, ingredient_type, name, price) values (31, 'Vestibulum ac est lacinia nisi venenatis tristique. Fusce congue, diam id ornare imperdiet, sapien urna pretium nisl, ut volutpat sapien arcu sed augue. Aliquam erat volutpat.', 8, 'Elymus scribneri (Vasey) M.E. Jones', 1.57);
insert into ingredient (id, description, ingredient_type, name, price) values (32, 'Quisque porta volutpat erat. Quisque erat eros, viverra eget, congue eget, semper rutrum, nulla. Nunc purus.', 2, 'Hesperochiron californicus (Benth.) S. Watson', 33.5);
insert into ingredient (id, description, ingredient_type, name, price) values (33, 'Nulla ut erat id mauris vulputate elementum. Nullam varius. Nulla facilisi.', 6, 'Platydesma remyi (Sherff) O. Deg., I. Deg., Sherff & B.C. Stone', 7.5);
insert into ingredient (id, description, ingredient_type, name, price) values (34, 'Integer tincidunt ante vel ipsum. Praesent blandit lacinia erat. Vestibulum sed magna at nunc commodo placerat.', 6, 'Heterotheca sessiliflora (Nutt.) Shinners ssp. echioides (Benth.) Semple var. camphorata (Eastw.) Semple', 34.3);
insert into ingredient (id, description, ingredient_type, name, price) values (35, 'Cras mi pede, malesuada in, imperdiet et, commodo vulputate, justo. In blandit ultrices enim. Lorem ipsum dolor sit amet, consectetuer adipiscing elit.', 1, 'Trifolium reflexum L.', 24.28);
insert into ingredient (id, description, ingredient_type, name, price) values (36, 'Praesent id massa id nisl venenatis lacinia. Aenean sit amet justo. Morbi ut odio.', 7, 'Cerastium terrae-novae Fernald & Wiegand', 32.59);
insert into ingredient (id, description, ingredient_type, name, price) values (37, 'Proin leo odio, porttitor id, consequat in, consequat ut, nulla. Sed accumsan felis. Ut at dolor quis odio consequat varius.', 2, 'Broussonetia L''Hér. ex Vent.', 25.4);
insert into ingredient (id, description, ingredient_type, name, price) values (38, 'Maecenas leo odio, condimentum id, luctus nec, molestie sed, justo. Pellentesque viverra pede ac diam. Cras pellentesque volutpat dui.', 3, 'Convolvulus arvensis L.', 16.79);
insert into ingredient (id, description, ingredient_type, name, price) values (39, 'Donec diam neque, vestibulum eget, vulputate ut, ultrices vel, augue. Vestibulum ante ipsum primis in faucibus orci luctus et ultrices posuere cubilia Curae; Donec pharetra, magna vestibulum aliquet ultrices, erat tortor sollicitudin mi, sit amet lobortis sapien sapien non mi. Integer ac neque.', 5, 'Dichanthelium aciculare (Desv. ex Poir.) Gould & C.A. Clark', 4.97);
insert into ingredient (id, description, ingredient_type, name, price) values (40, 'Fusce consequat. Nulla nisl. Nunc nisl.', 8, 'Cladonia chlorophaea (Flörke ex Sommerf.) Spreng.', 13.34);
insert into ingredient (id, description, ingredient_type, name, price) values (41, 'Vestibulum ac est lacinia nisi venenatis tristique. Fusce congue, diam id ornare imperdiet, sapien urna pretium nisl, ut volutpat sapien arcu sed augue. Aliquam erat volutpat.', 7, 'Navarretia hamata Greene ssp. hamata', 6.65);
insert into ingredient (id, description, ingredient_type, name, price) values (42, 'Phasellus in felis. Donec semper sapien a libero. Nam dui.', 2, 'Castilleja cusickii Greenm.', 32.59);
insert into ingredient (id, description, ingredient_type, name, price) values (43, 'Quisque id justo sit amet sapien dignissim vestibulum. Vestibulum ante ipsum primis in faucibus orci luctus et ultrices posuere cubilia Curae; Nulla dapibus dolor vel est. Donec odio justo, sollicitudin ut, suscipit a, feugiat et, eros.', 3, 'Spiracantha Kunth', 7.28);
insert into ingredient (id, description, ingredient_type, name, price) values (44, 'Cras non velit nec nisi vulputate nonummy. Maecenas tincidunt lacus at velit. Vivamus vel nulla eget eros elementum pellentesque.', 3, 'Hackelia patens (Nutt.) I.M. Johnst. var. patens', 19.31);
insert into ingredient (id, description, ingredient_type, name, price) values (45, 'Proin leo odio, porttitor id, consequat in, consequat ut, nulla. Sed accumsan felis. Ut at dolor quis odio consequat varius.', 4, 'Pertusaria pustulata (Ach.) Duby', 25.21);
insert into ingredient (id, description, ingredient_type, name, price) values (46, 'Morbi non lectus. Aliquam sit amet diam in magna bibendum imperdiet. Nullam orci pede, venenatis non, sodales sed, tincidunt eu, felis.', 2, 'Lathyrus polymorphus Nutt. ssp. incanus (J.G. Sm. & Rydb.) C.L. Hitchc.', 13.58);
insert into ingredient (id, description, ingredient_type, name, price) values (47, 'Vestibulum quam sapien, varius ut, blandit non, interdum in, ante. Vestibulum ante ipsum primis in faucibus orci luctus et ultrices posuere cubilia Curae; Duis faucibus accumsan odio. Curabitur convallis.', 4, 'Rhodotypos scandens (Thunb.) Makino', 30.25);
insert into ingredient (id, description, ingredient_type, name, price) values (48, 'Duis bibendum, felis sed interdum venenatis, turpis enim blandit mi, in porttitor pede justo eu massa. Donec dapibus. Duis at velit eu est congue elementum.', 1, 'Marsilea L.', 9.16);
insert into ingredient (id, description, ingredient_type, name, price) values (49, 'Donec diam neque, vestibulum eget, vulputate ut, ultrices vel, augue. Vestibulum ante ipsum primis in faucibus orci luctus et ultrices posuere cubilia Curae; Donec pharetra, magna vestibulum aliquet ultrices, erat tortor sollicitudin mi, sit amet lobortis sapien sapien non mi. Integer ac neque.', 4, 'Topelia P.M. Jørg. & Vezda', 3.39);
insert into ingredient (id, description, ingredient_type, name, price) values (50, 'Quisque id justo sit amet sapien dignissim vestibulum. Vestibulum ante ipsum primis in faucibus orci luctus et ultrices posuere cubilia Curae; Nulla dapibus dolor vel est. Donec odio justo, sollicitudin ut, suscipit a, feugiat et, eros.', 1, 'Aristida californica Thurb. ex S. Watson var. glabrata Vasey', 24.98);

-- Ingredients per Restaurant
insert into ingredient_restaurant (id, standby_quantity, stock, stock_min, ingredient_id, restaurant_id) values (1, 25, 81, 15, 32, 48);
insert into ingredient_restaurant (id, standby_quantity, stock, stock_min, ingredient_id, restaurant_id) values (2, 19, 39, 20, 45, 17);
insert into ingredient_restaurant (id, standby_quantity, stock, stock_min, ingredient_id, restaurant_id) values (3, 0, 115, 15, 21, 14);
insert into ingredient_restaurant (id, standby_quantity, stock, stock_min, ingredient_id, restaurant_id) values (4, 7, 77, 15, 12, 28);
insert into ingredient_restaurant (id, standby_quantity, stock, stock_min, ingredient_id, restaurant_id) values (5, 13, 50, 16, 25, 22);
insert into ingredient_restaurant (id, standby_quantity, stock, stock_min, ingredient_id, restaurant_id) values (6, 30, 128, 13, 39, 7);
insert into ingredient_restaurant (id, standby_quantity, stock, stock_min, ingredient_id, restaurant_id) values (7, 15, 126, 14, 30, 11);
insert into ingredient_restaurant (id, standby_quantity, stock, stock_min, ingredient_id, restaurant_id) values (8, 2, 148, 14, 17, 8);
insert into ingredient_restaurant (id, standby_quantity, stock, stock_min, ingredient_id, restaurant_id) values (9, 14, 157, 16, 6, 15);
insert into ingredient_restaurant (id, standby_quantity, stock, stock_min, ingredient_id, restaurant_id) values (10, 28, 111, 15, 15, 14);
insert into ingredient_restaurant (id, standby_quantity, stock, stock_min, ingredient_id, restaurant_id) values (11, 14, 164, 16, 22, 15);
insert into ingredient_restaurant (id, standby_quantity, stock, stock_min, ingredient_id, restaurant_id) values (12, 4, 43, 17, 46, 42);
insert into ingredient_restaurant (id, standby_quantity, stock, stock_min, ingredient_id, restaurant_id) values (13, 29, 179, 15, 17, 26);
insert into ingredient_restaurant (id, standby_quantity, stock, stock_min, ingredient_id, restaurant_id) values (14, 17, 198, 16, 18, 6);
insert into ingredient_restaurant (id, standby_quantity, stock, stock_min, ingredient_id, restaurant_id) values (15, 14, 98, 19, 30, 38);
insert into ingredient_restaurant (id, standby_quantity, stock, stock_min, ingredient_id, restaurant_id) values (16, 15, 100, 18, 47, 9);
insert into ingredient_restaurant (id, standby_quantity, stock, stock_min, ingredient_id, restaurant_id) values (17, 22, 165, 14, 36, 15);
insert into ingredient_restaurant (id, standby_quantity, stock, stock_min, ingredient_id, restaurant_id) values (18, 23, 112, 20, 37, 48);
insert into ingredient_restaurant (id, standby_quantity, stock, stock_min, ingredient_id, restaurant_id) values (19, 23, 23, 12, 18, 27);
insert into ingredient_restaurant (id, standby_quantity, stock, stock_min, ingredient_id, restaurant_id) values (20, 19, 12, 10, 29, 31);
insert into ingredient_restaurant (id, standby_quantity, stock, stock_min, ingredient_id, restaurant_id) values (21, 26, 129, 19, 48, 11);
insert into ingredient_restaurant (id, standby_quantity, stock, stock_min, ingredient_id, restaurant_id) values (22, 5, 136, 17, 38, 39);
insert into ingredient_restaurant (id, standby_quantity, stock, stock_min, ingredient_id, restaurant_id) values (23, 11, 89, 16, 24, 19);
insert into ingredient_restaurant (id, standby_quantity, stock, stock_min, ingredient_id, restaurant_id) values (24, 6, 43, 11, 4, 25);
insert into ingredient_restaurant (id, standby_quantity, stock, stock_min, ingredient_id, restaurant_id) values (25, 16, 185, 11, 36, 47);
insert into ingredient_restaurant (id, standby_quantity, stock, stock_min, ingredient_id, restaurant_id) values (26, 3, 184, 18, 42, 50);
insert into ingredient_restaurant (id, standby_quantity, stock, stock_min, ingredient_id, restaurant_id) values (27, 22, 92, 11, 19, 17);
insert into ingredient_restaurant (id, standby_quantity, stock, stock_min, ingredient_id, restaurant_id) values (28, 23, 131, 18, 20, 35);
insert into ingredient_restaurant (id, standby_quantity, stock, stock_min, ingredient_id, restaurant_id) values (29, 25, 95, 11, 37, 2);
insert into ingredient_restaurant (id, standby_quantity, stock, stock_min, ingredient_id, restaurant_id) values (30, 26, 122, 17, 37, 38);
insert into ingredient_restaurant (id, standby_quantity, stock, stock_min, ingredient_id, restaurant_id) values (31, 3, 56, 11, 16, 16);
insert into ingredient_restaurant (id, standby_quantity, stock, stock_min, ingredient_id, restaurant_id) values (32, 10, 97, 12, 49, 25);
insert into ingredient_restaurant (id, standby_quantity, stock, stock_min, ingredient_id, restaurant_id) values (33, 1, 80, 16, 36, 39);
insert into ingredient_restaurant (id, standby_quantity, stock, stock_min, ingredient_id, restaurant_id) values (34, 1, 64, 19, 46, 29);
insert into ingredient_restaurant (id, standby_quantity, stock, stock_min, ingredient_id, restaurant_id) values (35, 17, 98, 14, 12, 18);
insert into ingredient_restaurant (id, standby_quantity, stock, stock_min, ingredient_id, restaurant_id) values (36, 24, 16, 18, 9, 34);
insert into ingredient_restaurant (id, standby_quantity, stock, stock_min, ingredient_id, restaurant_id) values (37, 18, 130, 15, 7, 27);
insert into ingredient_restaurant (id, standby_quantity, stock, stock_min, ingredient_id, restaurant_id) values (38, 30, 178, 15, 24, 45);
insert into ingredient_restaurant (id, standby_quantity, stock, stock_min, ingredient_id, restaurant_id) values (39, 7, 36, 15, 14, 3);
insert into ingredient_restaurant (id, standby_quantity, stock, stock_min, ingredient_id, restaurant_id) values (40, 14, 104, 18, 43, 15);
insert into ingredient_restaurant (id, standby_quantity, stock, stock_min, ingredient_id, restaurant_id) values (41, 9, 163, 13, 6, 47);
insert into ingredient_restaurant (id, standby_quantity, stock, stock_min, ingredient_id, restaurant_id) values (42, 28, 192, 20, 16, 12);
insert into ingredient_restaurant (id, standby_quantity, stock, stock_min, ingredient_id, restaurant_id) values (43, 28, 193, 14, 21, 44);
insert into ingredient_restaurant (id, standby_quantity, stock, stock_min, ingredient_id, restaurant_id) values (44, 17, 26, 10, 29, 1);
insert into ingredient_restaurant (id, standby_quantity, stock, stock_min, ingredient_id, restaurant_id) values (45, 11, 131, 20, 20, 18);
insert into ingredient_restaurant (id, standby_quantity, stock, stock_min, ingredient_id, restaurant_id) values (46, 13, 87, 13, 34, 42);
insert into ingredient_restaurant (id, standby_quantity, stock, stock_min, ingredient_id, restaurant_id) values (47, 27, 170, 11, 3, 28);
insert into ingredient_restaurant (id, standby_quantity, stock, stock_min, ingredient_id, restaurant_id) values (48, 11, 160, 17, 45, 42);
insert into ingredient_restaurant (id, standby_quantity, stock, stock_min, ingredient_id, restaurant_id) values (49, 20, 175, 12, 44, 6);
insert into ingredient_restaurant (id, standby_quantity, stock, stock_min, ingredient_id, restaurant_id) values (50, 22, 198, 18, 26, 46);
insert into ingredient_restaurant (id, standby_quantity, stock, stock_min, ingredient_id, restaurant_id) values (51, 25, 35, 16, 27, 8);
insert into ingredient_restaurant (id, standby_quantity, stock, stock_min, ingredient_id, restaurant_id) values (52, 20, 19, 11, 25, 30);
insert into ingredient_restaurant (id, standby_quantity, stock, stock_min, ingredient_id, restaurant_id) values (53, 13, 129, 19, 18, 22);
insert into ingredient_restaurant (id, standby_quantity, stock, stock_min, ingredient_id, restaurant_id) values (54, 5, 57, 13, 32, 28);
insert into ingredient_restaurant (id, standby_quantity, stock, stock_min, ingredient_id, restaurant_id) values (55, 22, 164, 19, 50, 44);
insert into ingredient_restaurant (id, standby_quantity, stock, stock_min, ingredient_id, restaurant_id) values (56, 12, 69, 10, 11, 15);
insert into ingredient_restaurant (id, standby_quantity, stock, stock_min, ingredient_id, restaurant_id) values (57, 0, 122, 13, 10, 10);
insert into ingredient_restaurant (id, standby_quantity, stock, stock_min, ingredient_id, restaurant_id) values (58, 4, 60, 10, 1, 13);
insert into ingredient_restaurant (id, standby_quantity, stock, stock_min, ingredient_id, restaurant_id) values (59, 19, 167, 12, 5, 47);
insert into ingredient_restaurant (id, standby_quantity, stock, stock_min, ingredient_id, restaurant_id) values (60, 4, 81, 15, 2, 49);
insert into ingredient_restaurant (id, standby_quantity, stock, stock_min, ingredient_id, restaurant_id) values (61, 14, 132, 16, 38, 13);
insert into ingredient_restaurant (id, standby_quantity, stock, stock_min, ingredient_id, restaurant_id) values (62, 10, 56, 10, 33, 36);
insert into ingredient_restaurant (id, standby_quantity, stock, stock_min, ingredient_id, restaurant_id) values (63, 3, 143, 12, 23, 46);
insert into ingredient_restaurant (id, standby_quantity, stock, stock_min, ingredient_id, restaurant_id) values (64, 8, 159, 16, 32, 26);
insert into ingredient_restaurant (id, standby_quantity, stock, stock_min, ingredient_id, restaurant_id) values (65, 4, 153, 17, 42, 35);
insert into ingredient_restaurant (id, standby_quantity, stock, stock_min, ingredient_id, restaurant_id) values (66, 6, 43, 14, 26, 32);
insert into ingredient_restaurant (id, standby_quantity, stock, stock_min, ingredient_id, restaurant_id) values (67, 9, 65, 17, 31, 50);
insert into ingredient_restaurant (id, standby_quantity, stock, stock_min, ingredient_id, restaurant_id) values (68, 10, 90, 17, 34, 7);
insert into ingredient_restaurant (id, standby_quantity, stock, stock_min, ingredient_id, restaurant_id) values (69, 0, 87, 12, 41, 10);
insert into ingredient_restaurant (id, standby_quantity, stock, stock_min, ingredient_id, restaurant_id) values (70, 18, 131, 13, 12, 47);
insert into ingredient_restaurant (id, standby_quantity, stock, stock_min, ingredient_id, restaurant_id) values (71, 10, 59, 14, 33, 6);
insert into ingredient_restaurant (id, standby_quantity, stock, stock_min, ingredient_id, restaurant_id) values (72, 23, 84, 12, 24, 47);
insert into ingredient_restaurant (id, standby_quantity, stock, stock_min, ingredient_id, restaurant_id) values (73, 25, 91, 15, 27, 40);
insert into ingredient_restaurant (id, standby_quantity, stock, stock_min, ingredient_id, restaurant_id) values (74, 24, 43, 17, 18, 21);
insert into ingredient_restaurant (id, standby_quantity, stock, stock_min, ingredient_id, restaurant_id) values (75, 3, 6, 10, 26, 17);
insert into ingredient_restaurant (id, standby_quantity, stock, stock_min, ingredient_id, restaurant_id) values (76, 18, 192, 19, 39, 3);
insert into ingredient_restaurant (id, standby_quantity, stock, stock_min, ingredient_id, restaurant_id) values (77, 10, 143, 14, 24, 8);
insert into ingredient_restaurant (id, standby_quantity, stock, stock_min, ingredient_id, restaurant_id) values (78, 23, 144, 14, 25, 10);
insert into ingredient_restaurant (id, standby_quantity, stock, stock_min, ingredient_id, restaurant_id) values (79, 28, 178, 10, 47, 19);
insert into ingredient_restaurant (id, standby_quantity, stock, stock_min, ingredient_id, restaurant_id) values (80, 7, 191, 12, 48, 32);
insert into ingredient_restaurant (id, standby_quantity, stock, stock_min, ingredient_id, restaurant_id) values (81, 9, 19, 19, 20, 49);
insert into ingredient_restaurant (id, standby_quantity, stock, stock_min, ingredient_id, restaurant_id) values (82, 10, 126, 19, 3, 41);
insert into ingredient_restaurant (id, standby_quantity, stock, stock_min, ingredient_id, restaurant_id) values (83, 24, 76, 16, 47, 18);
insert into ingredient_restaurant (id, standby_quantity, stock, stock_min, ingredient_id, restaurant_id) values (84, 19, 22, 13, 4, 37);
insert into ingredient_restaurant (id, standby_quantity, stock, stock_min, ingredient_id, restaurant_id) values (85, 11, 12, 16, 16, 30);
insert into ingredient_restaurant (id, standby_quantity, stock, stock_min, ingredient_id, restaurant_id) values (86, 19, 90, 12, 21, 15);
insert into ingredient_restaurant (id, standby_quantity, stock, stock_min, ingredient_id, restaurant_id) values (87, 2, 146, 20, 4, 20);
insert into ingredient_restaurant (id, standby_quantity, stock, stock_min, ingredient_id, restaurant_id) values (88, 1, 169, 20, 11, 3);
insert into ingredient_restaurant (id, standby_quantity, stock, stock_min, ingredient_id, restaurant_id) values (89, 2, 176, 13, 1, 21);
insert into ingredient_restaurant (id, standby_quantity, stock, stock_min, ingredient_id, restaurant_id) values (90, 4, 115, 12, 35, 39);
insert into ingredient_restaurant (id, standby_quantity, stock, stock_min, ingredient_id, restaurant_id) values (91, 21, 142, 14, 44, 21);
insert into ingredient_restaurant (id, standby_quantity, stock, stock_min, ingredient_id, restaurant_id) values (92, 23, 191, 17, 3, 30);
insert into ingredient_restaurant (id, standby_quantity, stock, stock_min, ingredient_id, restaurant_id) values (93, 30, 147, 11, 8, 18);
insert into ingredient_restaurant (id, standby_quantity, stock, stock_min, ingredient_id, restaurant_id) values (94, 26, 112, 18, 44, 20);
insert into ingredient_restaurant (id, standby_quantity, stock, stock_min, ingredient_id, restaurant_id) values (95, 4, 1, 20, 19, 28);
insert into ingredient_restaurant (id, standby_quantity, stock, stock_min, ingredient_id, restaurant_id) values (96, 10, 38, 11, 41, 29);
insert into ingredient_restaurant (id, standby_quantity, stock, stock_min, ingredient_id, restaurant_id) values (97, 11, 35, 12, 17, 36);
insert into ingredient_restaurant (id, standby_quantity, stock, stock_min, ingredient_id, restaurant_id) values (98, 8, 17, 19, 4, 43);
insert into ingredient_restaurant (id, standby_quantity, stock, stock_min, ingredient_id, restaurant_id) values (99, 5, 0, 16, 47, 26);
insert into ingredient_restaurant (id, standby_quantity, stock, stock_min, ingredient_id, restaurant_id) values (100, 18, 196, 10, 34, 6);

-- Recipe
insert into recipe (id, cooking_notes, description, image, name, price) values (1, 'Nullam sit amet turpis elementum ligula vehicula consequat. Morbi a ipsum. Integer a nibh.', 'Integer ac leo. Pellentesque ultrices mattis odio. Donec vitae nisi.', 'http://dummyimage.com/220x220.png/cc0000/ffffff', 'Pre-emptive', 7.62);
insert into recipe (id, cooking_notes, description, image, name, price) values (2, 'In hac habitasse platea dictumst. Etiam faucibus cursus urna. Ut tellus.', 'Proin eu mi. Nulla ac enim. In tempor, turpis nec euismod scelerisque, quam turpis adipiscing lorem, vitae mattis nibh ligula nec sem.', 'http://dummyimage.com/114x229.bmp/ff4444/ffffff', 'stable', 5.11);
insert into recipe (id, cooking_notes, description, image, name, price) values (3, 'Maecenas ut massa quis augue luctus tincidunt. Nulla mollis molestie lorem. Quisque ut erat.', 'In hac habitasse platea dictumst. Morbi vestibulum, velit id pretium iaculis, diam erat fermentum justo, nec condimentum neque sapien placerat ante. Nulla justo.', 'http://dummyimage.com/116x112.jpg/ff4444/ffffff', 'asynchronous', 20.16);
insert into recipe (id, cooking_notes, description, image, name, price) values (4, 'Praesent blandit. Nam nulla. Integer pede justo, lacinia eget, tincidunt eget, tempus vel, pede.', 'Vestibulum quam sapien, varius ut, blandit non, interdum in, ante. Vestibulum ante ipsum primis in faucibus orci luctus et ultrices posuere cubilia Curae; Duis faucibus accumsan odio. Curabitur convallis.', 'http://dummyimage.com/127x165.bmp/ff4444/ffffff', 'user-facing', 17.5);
insert into recipe (id, cooking_notes, description, image, name, price) values (5, 'Donec diam neque, vestibulum eget, vulputate ut, ultrices vel, augue. Vestibulum ante ipsum primis in faucibus orci luctus et ultrices posuere cubilia Curae; Donec pharetra, magna vestibulum aliquet ultrices, erat tortor sollicitudin mi, sit amet lobortis sapien sapien non mi. Integer ac neque.', 'In congue. Etiam justo. Etiam pretium iaculis justo.', 'http://dummyimage.com/237x160.png/dddddd/000000', 'coherent', 17.41);
insert into recipe (id, cooking_notes, description, image, name, price) values (6, 'Sed ante. Vivamus tortor. Duis mattis egestas metus.', 'Phasellus sit amet erat. Nulla tempus. Vivamus in felis eu sapien cursus vestibulum.', 'http://dummyimage.com/200x191.jpg/5fa2dd/ffffff', 'knowledge user', 18.31);
insert into recipe (id, cooking_notes, description, image, name, price) values (7, 'Lorem ipsum dolor sit amet, consectetuer adipiscing elit. Proin risus. Praesent lectus.', 'Etiam vel augue. Vestibulum rutrum rutrum neque. Aenean auctor gravida sem.', 'http://dummyimage.com/166x169.png/5fa2dd/ffffff', 'full-range', 4.87);
insert into recipe (id, cooking_notes, description, image, name, price) values (8, 'In hac habitasse platea dictumst. Morbi vestibulum, velit id pretium iaculis, diam erat fermentum justo, nec condimentum neque sapien placerat ante. Nulla justo.', 'Nullam porttitor lacus at turpis. Donec posuere metus vitae ipsum. Aliquam non mauris.', 'http://dummyimage.com/124x117.jpg/cc0000/ffffff', 'non-volatile', 24.48);
insert into recipe (id, cooking_notes, description, image, name, price) values (9, 'In hac habitasse platea dictumst. Morbi vestibulum, velit id pretium iaculis, diam erat fermentum justo, nec condimentum neque sapien placerat ante. Nulla justo.', 'In quis justo. Maecenas rhoncus aliquam lacus. Morbi quis tortor id nulla ultrices aliquet.', 'http://dummyimage.com/212x172.jpg/5fa2dd/ffffff', 'encryption', 17.71);
insert into recipe (id, cooking_notes, description, image, name, price) values (10, 'In hac habitasse platea dictumst. Etiam faucibus cursus urna. Ut tellus.', 'Suspendisse potenti. In eleifend quam a odio. In hac habitasse platea dictumst.', 'http://dummyimage.com/230x158.png/cc0000/ffffff', 'didactic', 7.61);
insert into recipe (id, cooking_notes, description, image, name, price) values (11, 'Maecenas leo odio, condimentum id, luctus nec, molestie sed, justo. Pellentesque viverra pede ac diam. Cras pellentesque volutpat dui.', 'Cras mi pede, malesuada in, imperdiet et, commodo vulputate, justo. In blandit ultrices enim. Lorem ipsum dolor sit amet, consectetuer adipiscing elit.', 'http://dummyimage.com/162x125.jpg/ff4444/ffffff', 'Enterprise-wide', 19.9);
insert into recipe (id, cooking_notes, description, image, name, price) values (12, 'Integer tincidunt ante vel ipsum. Praesent blandit lacinia erat. Vestibulum sed magna at nunc commodo placerat.', 'Etiam vel augue. Vestibulum rutrum rutrum neque. Aenean auctor gravida sem.', 'http://dummyimage.com/160x208.jpg/ff4444/ffffff', 'success', 26.4);
insert into recipe (id, cooking_notes, description, image, name, price) values (13, 'Nam ultrices, libero non mattis pulvinar, nulla pede ullamcorper augue, a suscipit nulla elit ac nulla. Sed vel enim sit amet nunc viverra dapibus. Nulla suscipit ligula in lacus.', 'Suspendisse potenti. In eleifend quam a odio. In hac habitasse platea dictumst.', 'http://dummyimage.com/166x139.jpg/cc0000/ffffff', 'Down-sized', 10.16);
insert into recipe (id, cooking_notes, description, image, name, price) values (14, 'Nullam porttitor lacus at turpis. Donec posuere metus vitae ipsum. Aliquam non mauris.', 'Cum sociis natoque penatibus et magnis dis parturient montes, nascetur ridiculus mus. Vivamus vestibulum sagittis sapien. Cum sociis natoque penatibus et magnis dis parturient montes, nascetur ridiculus mus.', 'http://dummyimage.com/203x132.jpg/cc0000/ffffff', 'matrix', 26.7);
insert into recipe (id, cooking_notes, description, image, name, price) values (15, 'Morbi porttitor lorem id ligula. Suspendisse ornare consequat lectus. In est risus, auctor sed, tristique in, tempus sit amet, sem.', 'Cum sociis natoque penatibus et magnis dis parturient montes, nascetur ridiculus mus. Vivamus vestibulum sagittis sapien. Cum sociis natoque penatibus et magnis dis parturient montes, nascetur ridiculus mus.', 'http://dummyimage.com/246x161.bmp/ff4444/ffffff', 'Persistent', 4.66);
insert into recipe (id, cooking_notes, description, image, name, price) values (16, 'Nam ultrices, libero non mattis pulvinar, nulla pede ullamcorper augue, a suscipit nulla elit ac nulla. Sed vel enim sit amet nunc viverra dapibus. Nulla suscipit ligula in lacus.', 'Maecenas ut massa quis augue luctus tincidunt. Nulla mollis molestie lorem. Quisque ut erat.', 'http://dummyimage.com/127x235.png/ff4444/ffffff', 'holistic', 10.58);
insert into recipe (id, cooking_notes, description, image, name, price) values (17, 'Quisque porta volutpat erat. Quisque erat eros, viverra eget, congue eget, semper rutrum, nulla. Nunc purus.', 'Quisque porta volutpat erat. Quisque erat eros, viverra eget, congue eget, semper rutrum, nulla. Nunc purus.', 'http://dummyimage.com/129x136.jpg/cc0000/ffffff', 'Operative', 9.59);
insert into recipe (id, cooking_notes, description, image, name, price) values (18, 'Proin eu mi. Nulla ac enim. In tempor, turpis nec euismod scelerisque, quam turpis adipiscing lorem, vitae mattis nibh ligula nec sem.', 'Phasellus sit amet erat. Nulla tempus. Vivamus in felis eu sapien cursus vestibulum.', 'http://dummyimage.com/105x214.png/dddddd/000000', 'policy', 0.56);
insert into recipe (id, cooking_notes, description, image, name, price) values (19, 'Duis consequat dui nec nisi volutpat eleifend. Donec ut dolor. Morbi vel lectus in quam fringilla rhoncus.', 'Cras non velit nec nisi vulputate nonummy. Maecenas tincidunt lacus at velit. Vivamus vel nulla eget eros elementum pellentesque.', 'http://dummyimage.com/139x240.jpg/dddddd/000000', 'local area network', 9.38);
insert into recipe (id, cooking_notes, description, image, name, price) values (20, 'Cum sociis natoque penatibus et magnis dis parturient montes, nascetur ridiculus mus. Vivamus vestibulum sagittis sapien. Cum sociis natoque penatibus et magnis dis parturient montes, nascetur ridiculus mus.', 'Curabitur at ipsum ac tellus semper interdum. Mauris ullamcorper purus sit amet nulla. Quisque arcu libero, rutrum ac, lobortis vel, dapibus at, diam.', 'http://dummyimage.com/138x134.bmp/5fa2dd/ffffff', 'Enhanced', 23.45);
insert into recipe (id, cooking_notes, description, image, name, price) values (21, 'Sed ante. Vivamus tortor. Duis mattis egestas metus.', 'Sed ante. Vivamus tortor. Duis mattis egestas metus.', 'http://dummyimage.com/234x142.jpg/cc0000/ffffff', 'Quality-focused', 1.16);
insert into recipe (id, cooking_notes, description, image, name, price) values (22, 'Nullam sit amet turpis elementum ligula vehicula consequat. Morbi a ipsum. Integer a nibh.', 'Integer ac leo. Pellentesque ultrices mattis odio. Donec vitae nisi.', 'http://dummyimage.com/211x206.jpg/cc0000/ffffff', 'empowering', 1.5);
insert into recipe (id, cooking_notes, description, image, name, price) values (23, 'Mauris enim leo, rhoncus sed, vestibulum sit amet, cursus id, turpis. Integer aliquet, massa id lobortis convallis, tortor risus dapibus augue, vel accumsan tellus nisi eu orci. Mauris lacinia sapien quis libero.', 'Maecenas ut massa quis augue luctus tincidunt. Nulla mollis molestie lorem. Quisque ut erat.', 'http://dummyimage.com/219x135.png/5fa2dd/ffffff', 'challenge', 21.15);
insert into recipe (id, cooking_notes, description, image, name, price) values (24, 'Cras mi pede, malesuada in, imperdiet et, commodo vulputate, justo. In blandit ultrices enim. Lorem ipsum dolor sit amet, consectetuer adipiscing elit.', 'Maecenas ut massa quis augue luctus tincidunt. Nulla mollis molestie lorem. Quisque ut erat.', 'http://dummyimage.com/219x169.jpg/cc0000/ffffff', 'homogeneous', 13.45);
insert into recipe (id, cooking_notes, description, image, name, price) values (25, 'Morbi porttitor lorem id ligula. Suspendisse ornare consequat lectus. In est risus, auctor sed, tristique in, tempus sit amet, sem.', 'Praesent id massa id nisl venenatis lacinia. Aenean sit amet justo. Morbi ut odio.', 'http://dummyimage.com/239x128.bmp/5fa2dd/ffffff', 'content-based', 26.73);
insert into recipe (id, cooking_notes, description, image, name, price) values (26, 'Mauris enim leo, rhoncus sed, vestibulum sit amet, cursus id, turpis. Integer aliquet, massa id lobortis convallis, tortor risus dapibus augue, vel accumsan tellus nisi eu orci. Mauris lacinia sapien quis libero.', 'In hac habitasse platea dictumst. Morbi vestibulum, velit id pretium iaculis, diam erat fermentum justo, nec condimentum neque sapien placerat ante. Nulla justo.', 'http://dummyimage.com/173x211.bmp/ff4444/ffffff', 'conglomeration', 16.77);
insert into recipe (id, cooking_notes, description, image, name, price) values (27, 'Integer ac leo. Pellentesque ultrices mattis odio. Donec vitae nisi.', 'Cum sociis natoque penatibus et magnis dis parturient montes, nascetur ridiculus mus. Vivamus vestibulum sagittis sapien. Cum sociis natoque penatibus et magnis dis parturient montes, nascetur ridiculus mus.', 'http://dummyimage.com/225x121.bmp/ff4444/ffffff', 'throughput', 27.12);
insert into recipe (id, cooking_notes, description, image, name, price) values (28, 'Cum sociis natoque penatibus et magnis dis parturient montes, nascetur ridiculus mus. Vivamus vestibulum sagittis sapien. Cum sociis natoque penatibus et magnis dis parturient montes, nascetur ridiculus mus.', 'Duis bibendum, felis sed interdum venenatis, turpis enim blandit mi, in porttitor pede justo eu massa. Donec dapibus. Duis at velit eu est congue elementum.', 'http://dummyimage.com/229x206.bmp/cc0000/ffffff', 'synergy', 10.41);
insert into recipe (id, cooking_notes, description, image, name, price) values (29, 'In sagittis dui vel nisl. Duis ac nibh. Fusce lacus purus, aliquet at, feugiat non, pretium quis, lectus.', 'Vestibulum quam sapien, varius ut, blandit non, interdum in, ante. Vestibulum ante ipsum primis in faucibus orci luctus et ultrices posuere cubilia Curae; Duis faucibus accumsan odio. Curabitur convallis.', 'http://dummyimage.com/240x245.jpg/5fa2dd/ffffff', 'mission-critical', 5.33);
insert into recipe (id, cooking_notes, description, image, name, price) values (30, 'Maecenas ut massa quis augue luctus tincidunt. Nulla mollis molestie lorem. Quisque ut erat.', 'Nulla ut erat id mauris vulputate elementum. Nullam varius. Nulla facilisi.', 'http://dummyimage.com/173x147.bmp/ff4444/ffffff', 'heuristic', 26.9);
insert into recipe (id, cooking_notes, description, image, name, price) values (31, 'Maecenas tristique, est et tempus semper, est quam pharetra magna, ac consequat metus sapien ut nunc. Vestibulum ante ipsum primis in faucibus orci luctus et ultrices posuere cubilia Curae; Mauris viverra diam vitae quam. Suspendisse potenti.', 'Lorem ipsum dolor sit amet, consectetuer adipiscing elit. Proin risus. Praesent lectus.', 'http://dummyimage.com/185x203.bmp/cc0000/ffffff', 'orchestration', 16.19);
insert into recipe (id, cooking_notes, description, image, name, price) values (32, 'Proin interdum mauris non ligula pellentesque ultrices. Phasellus id sapien in sapien iaculis congue. Vivamus metus arcu, adipiscing molestie, hendrerit at, vulputate vitae, nisl.', 'Curabitur in libero ut massa volutpat convallis. Morbi odio odio, elementum eu, interdum eu, tincidunt in, leo. Maecenas pulvinar lobortis est.', 'http://dummyimage.com/244x190.png/5fa2dd/ffffff', 'throughput', 4.93);
insert into recipe (id, cooking_notes, description, image, name, price) values (33, 'Cum sociis natoque penatibus et magnis dis parturient montes, nascetur ridiculus mus. Vivamus vestibulum sagittis sapien. Cum sociis natoque penatibus et magnis dis parturient montes, nascetur ridiculus mus.', 'Duis bibendum. Morbi non quam nec dui luctus rutrum. Nulla tellus.', 'http://dummyimage.com/208x246.bmp/dddddd/000000', 'User-centric', 3.88);
insert into recipe (id, cooking_notes, description, image, name, price) values (34, 'Quisque id justo sit amet sapien dignissim vestibulum. Vestibulum ante ipsum primis in faucibus orci luctus et ultrices posuere cubilia Curae; Nulla dapibus dolor vel est. Donec odio justo, sollicitudin ut, suscipit a, feugiat et, eros.', 'Praesent blandit. Nam nulla. Integer pede justo, lacinia eget, tincidunt eget, tempus vel, pede.', 'http://dummyimage.com/220x134.png/5fa2dd/ffffff', 'methodology', 12.55);
insert into recipe (id, cooking_notes, description, image, name, price) values (35, 'Maecenas leo odio, condimentum id, luctus nec, molestie sed, justo. Pellentesque viverra pede ac diam. Cras pellentesque volutpat dui.', 'Etiam vel augue. Vestibulum rutrum rutrum neque. Aenean auctor gravida sem.', 'http://dummyimage.com/218x198.bmp/dddddd/000000', 'framework', 22.25);
insert into recipe (id, cooking_notes, description, image, name, price) values (36, 'Nullam porttitor lacus at turpis. Donec posuere metus vitae ipsum. Aliquam non mauris.', 'Pellentesque at nulla. Suspendisse potenti. Cras in purus eu magna vulputate luctus.', 'http://dummyimage.com/190x143.png/ff4444/ffffff', 'service-desk', 13.33);
insert into recipe (id, cooking_notes, description, image, name, price) values (37, 'Duis consequat dui nec nisi volutpat eleifend. Donec ut dolor. Morbi vel lectus in quam fringilla rhoncus.', 'Cras mi pede, malesuada in, imperdiet et, commodo vulputate, justo. In blandit ultrices enim. Lorem ipsum dolor sit amet, consectetuer adipiscing elit.', 'http://dummyimage.com/111x231.png/cc0000/ffffff', 'uniform', 29.56);
insert into recipe (id, cooking_notes, description, image, name, price) values (38, 'Maecenas ut massa quis augue luctus tincidunt. Nulla mollis molestie lorem. Quisque ut erat.', 'Integer ac leo. Pellentesque ultrices mattis odio. Donec vitae nisi.', 'http://dummyimage.com/131x235.bmp/dddddd/000000', 'Compatible', 9.89);
insert into recipe (id, cooking_notes, description, image, name, price) values (39, 'Maecenas ut massa quis augue luctus tincidunt. Nulla mollis molestie lorem. Quisque ut erat.', 'Fusce consequat. Nulla nisl. Nunc nisl.', 'http://dummyimage.com/194x142.bmp/5fa2dd/ffffff', 'Synergistic', 5.17);
insert into recipe (id, cooking_notes, description, image, name, price) values (40, 'Duis bibendum. Morbi non quam nec dui luctus rutrum. Nulla tellus.', 'In hac habitasse platea dictumst. Morbi vestibulum, velit id pretium iaculis, diam erat fermentum justo, nec condimentum neque sapien placerat ante. Nulla justo.', 'http://dummyimage.com/226x146.png/5fa2dd/ffffff', 'approach', 4.37);
insert into recipe (id, cooking_notes, description, image, name, price) values (41, 'Duis bibendum. Morbi non quam nec dui luctus rutrum. Nulla tellus.', 'Donec diam neque, vestibulum eget, vulputate ut, ultrices vel, augue. Vestibulum ante ipsum primis in faucibus orci luctus et ultrices posuere cubilia Curae; Donec pharetra, magna vestibulum aliquet ultrices, erat tortor sollicitudin mi, sit amet lobortis sapien sapien non mi. Integer ac neque.', 'http://dummyimage.com/117x151.bmp/5fa2dd/ffffff', 'next generation', 0.97);
insert into recipe (id, cooking_notes, description, image, name, price) values (42, 'Fusce consequat. Nulla nisl. Nunc nisl.', 'Aenean fermentum. Donec ut mauris eget massa tempor convallis. Nulla neque libero, convallis eget, eleifend luctus, ultricies eu, nibh.', 'http://dummyimage.com/166x222.jpg/cc0000/ffffff', 'Reverse-engineered', 13.37);
insert into recipe (id, cooking_notes, description, image, name, price) values (43, 'Sed ante. Vivamus tortor. Duis mattis egestas metus.', 'Curabitur at ipsum ac tellus semper interdum. Mauris ullamcorper purus sit amet nulla. Quisque arcu libero, rutrum ac, lobortis vel, dapibus at, diam.', 'http://dummyimage.com/152x128.png/ff4444/ffffff', 'well-modulated', 22.36);
insert into recipe (id, cooking_notes, description, image, name, price) values (44, 'In quis justo. Maecenas rhoncus aliquam lacus. Morbi quis tortor id nulla ultrices aliquet.', 'Curabitur gravida nisi at nibh. In hac habitasse platea dictumst. Aliquam augue quam, sollicitudin vitae, consectetuer eget, rutrum at, lorem.', 'http://dummyimage.com/144x151.png/cc0000/ffffff', 'value-added', 6.05);
insert into recipe (id, cooking_notes, description, image, name, price) values (45, 'In congue. Etiam justo. Etiam pretium iaculis justo.', 'Integer ac leo. Pellentesque ultrices mattis odio. Donec vitae nisi.', 'http://dummyimage.com/131x200.jpg/cc0000/ffffff', 'Vision-oriented', 8.08);
insert into recipe (id, cooking_notes, description, image, name, price) values (46, 'Cras non velit nec nisi vulputate nonummy. Maecenas tincidunt lacus at velit. Vivamus vel nulla eget eros elementum pellentesque.', 'Donec diam neque, vestibulum eget, vulputate ut, ultrices vel, augue. Vestibulum ante ipsum primis in faucibus orci luctus et ultrices posuere cubilia Curae; Donec pharetra, magna vestibulum aliquet ultrices, erat tortor sollicitudin mi, sit amet lobortis sapien sapien non mi. Integer ac neque.', 'http://dummyimage.com/181x142.jpg/5fa2dd/ffffff', 'solution', 10.82);
insert into recipe (id, cooking_notes, description, image, name, price) values (47, 'Cras non velit nec nisi vulputate nonummy. Maecenas tincidunt lacus at velit. Vivamus vel nulla eget eros elementum pellentesque.', 'Duis bibendum. Morbi non quam nec dui luctus rutrum. Nulla tellus.', 'http://dummyimage.com/173x191.bmp/ff4444/ffffff', 'Reactive', 8.7);
insert into recipe (id, cooking_notes, description, image, name, price) values (48, 'Donec diam neque, vestibulum eget, vulputate ut, ultrices vel, augue. Vestibulum ante ipsum primis in faucibus orci luctus et ultrices posuere cubilia Curae; Donec pharetra, magna vestibulum aliquet ultrices, erat tortor sollicitudin mi, sit amet lobortis sapien sapien non mi. Integer ac neque.', 'In sagittis dui vel nisl. Duis ac nibh. Fusce lacus purus, aliquet at, feugiat non, pretium quis, lectus.', 'http://dummyimage.com/209x193.png/cc0000/ffffff', 'knowledge user', 22.87);
insert into recipe (id, cooking_notes, description, image, name, price) values (49, 'Cum sociis natoque penatibus et magnis dis parturient montes, nascetur ridiculus mus. Vivamus vestibulum sagittis sapien. Cum sociis natoque penatibus et magnis dis parturient montes, nascetur ridiculus mus.', 'Praesent id massa id nisl venenatis lacinia. Aenean sit amet justo. Morbi ut odio.', 'http://dummyimage.com/186x169.png/dddddd/000000', 'forecast', 8.36);
insert into recipe (id, cooking_notes, description, image, name, price) values (50, 'Aliquam quis turpis eget elit sodales scelerisque. Mauris sit amet eros. Suspendisse accumsan tortor quis turpis.', 'Nam ultrices, libero non mattis pulvinar, nulla pede ullamcorper augue, a suscipit nulla elit ac nulla. Sed vel enim sit amet nunc viverra dapibus. Nulla suscipit ligula in lacus.', 'http://dummyimage.com/111x204.bmp/dddddd/000000', 'access', 26.02);

-- Ingredients per Recipe
insert into ingredient_recipe (id, quantity, ingredient_id, recipe_id) values (1, 4, 40, 12);
insert into ingredient_recipe (id, quantity, ingredient_id, recipe_id) values (2, 4, 31, 44);
insert into ingredient_recipe (id, quantity, ingredient_id, recipe_id) values (3, 2, 31, 13);
insert into ingredient_recipe (id, quantity, ingredient_id, recipe_id) values (4, 1, 11, 2);
insert into ingredient_recipe (id, quantity, ingredient_id, recipe_id) values (5, 2, 1, 8);
insert into ingredient_recipe (id, quantity, ingredient_id, recipe_id) values (6, 4, 9, 23);
insert into ingredient_recipe (id, quantity, ingredient_id, recipe_id) values (7, 3, 32, 9);
insert into ingredient_recipe (id, quantity, ingredient_id, recipe_id) values (8, 2, 21, 14);
insert into ingredient_recipe (id, quantity, ingredient_id, recipe_id) values (9, 1, 35, 31);
insert into ingredient_recipe (id, quantity, ingredient_id, recipe_id) values (10, 2, 43, 29);
insert into ingredient_recipe (id, quantity, ingredient_id, recipe_id) values (11, 1, 39, 50);
insert into ingredient_recipe (id, quantity, ingredient_id, recipe_id) values (12, 1, 14, 16);
insert into ingredient_recipe (id, quantity, ingredient_id, recipe_id) values (13, 1, 45, 9);
insert into ingredient_recipe (id, quantity, ingredient_id, recipe_id) values (14, 4, 13, 39);
insert into ingredient_recipe (id, quantity, ingredient_id, recipe_id) values (15, 1, 43, 22);
insert into ingredient_recipe (id, quantity, ingredient_id, recipe_id) values (16, 2, 9, 27);
insert into ingredient_recipe (id, quantity, ingredient_id, recipe_id) values (17, 4, 36, 14);
insert into ingredient_recipe (id, quantity, ingredient_id, recipe_id) values (18, 2, 38, 1);
insert into ingredient_recipe (id, quantity, ingredient_id, recipe_id) values (19, 1, 28, 24);
insert into ingredient_recipe (id, quantity, ingredient_id, recipe_id) values (20, 4, 37, 16);
insert into ingredient_recipe (id, quantity, ingredient_id, recipe_id) values (21, 1, 38, 40);
insert into ingredient_recipe (id, quantity, ingredient_id, recipe_id) values (22, 3, 5, 22);
insert into ingredient_recipe (id, quantity, ingredient_id, recipe_id) values (23, 4, 46, 10);
insert into ingredient_recipe (id, quantity, ingredient_id, recipe_id) values (24, 3, 30, 9);
insert into ingredient_recipe (id, quantity, ingredient_id, recipe_id) values (25, 2, 45, 12);
insert into ingredient_recipe (id, quantity, ingredient_id, recipe_id) values (26, 1, 29, 49);
insert into ingredient_recipe (id, quantity, ingredient_id, recipe_id) values (27, 1, 9, 21);
insert into ingredient_recipe (id, quantity, ingredient_id, recipe_id) values (28, 2, 35, 22);
insert into ingredient_recipe (id, quantity, ingredient_id, recipe_id) values (29, 1, 22, 9);
insert into ingredient_recipe (id, quantity, ingredient_id, recipe_id) values (30, 4, 43, 31);
insert into ingredient_recipe (id, quantity, ingredient_id, recipe_id) values (31, 4, 36, 50);
insert into ingredient_recipe (id, quantity, ingredient_id, recipe_id) values (32, 2, 7, 5);
insert into ingredient_recipe (id, quantity, ingredient_id, recipe_id) values (33, 3, 21, 30);
insert into ingredient_recipe (id, quantity, ingredient_id, recipe_id) values (34, 4, 37, 34);
insert into ingredient_recipe (id, quantity, ingredient_id, recipe_id) values (35, 3, 18, 38);
insert into ingredient_recipe (id, quantity, ingredient_id, recipe_id) values (36, 1, 40, 4);
insert into ingredient_recipe (id, quantity, ingredient_id, recipe_id) values (37, 2, 4, 26);
insert into ingredient_recipe (id, quantity, ingredient_id, recipe_id) values (38, 3, 25, 8);
insert into ingredient_recipe (id, quantity, ingredient_id, recipe_id) values (39, 3, 39, 39);
insert into ingredient_recipe (id, quantity, ingredient_id, recipe_id) values (40, 2, 6, 12);
insert into ingredient_recipe (id, quantity, ingredient_id, recipe_id) values (41, 3, 19, 7);
insert into ingredient_recipe (id, quantity, ingredient_id, recipe_id) values (42, 4, 30, 17);
insert into ingredient_recipe (id, quantity, ingredient_id, recipe_id) values (43, 3, 46, 9);
insert into ingredient_recipe (id, quantity, ingredient_id, recipe_id) values (44, 2, 3, 20);
insert into ingredient_recipe (id, quantity, ingredient_id, recipe_id) values (45, 1, 41, 13);
insert into ingredient_recipe (id, quantity, ingredient_id, recipe_id) values (46, 4, 42, 4);
insert into ingredient_recipe (id, quantity, ingredient_id, recipe_id) values (47, 1, 40, 49);
insert into ingredient_recipe (id, quantity, ingredient_id, recipe_id) values (48, 2, 12, 37);
insert into ingredient_recipe (id, quantity, ingredient_id, recipe_id) values (49, 4, 44, 41);
insert into ingredient_recipe (id, quantity, ingredient_id, recipe_id) values (50, 2, 24, 49);
insert into ingredient_recipe (id, quantity, ingredient_id, recipe_id) values (51, 3, 49, 16);
insert into ingredient_recipe (id, quantity, ingredient_id, recipe_id) values (52, 4, 26, 21);
insert into ingredient_recipe (id, quantity, ingredient_id, recipe_id) values (53, 3, 6, 10);
insert into ingredient_recipe (id, quantity, ingredient_id, recipe_id) values (54, 1, 33, 12);
insert into ingredient_recipe (id, quantity, ingredient_id, recipe_id) values (55, 2, 36, 18);
insert into ingredient_recipe (id, quantity, ingredient_id, recipe_id) values (56, 3, 15, 26);
insert into ingredient_recipe (id, quantity, ingredient_id, recipe_id) values (57, 3, 1, 29);
insert into ingredient_recipe (id, quantity, ingredient_id, recipe_id) values (58, 1, 21, 18);
insert into ingredient_recipe (id, quantity, ingredient_id, recipe_id) values (59, 4, 34, 35);
insert into ingredient_recipe (id, quantity, ingredient_id, recipe_id) values (60, 1, 43, 35);
insert into ingredient_recipe (id, quantity, ingredient_id, recipe_id) values (61, 2, 38, 2);
insert into ingredient_recipe (id, quantity, ingredient_id, recipe_id) values (62, 3, 48, 14);
insert into ingredient_recipe (id, quantity, ingredient_id, recipe_id) values (63, 4, 7, 43);
insert into ingredient_recipe (id, quantity, ingredient_id, recipe_id) values (64, 1, 20, 21);
insert into ingredient_recipe (id, quantity, ingredient_id, recipe_id) values (65, 2, 31, 2);
insert into ingredient_recipe (id, quantity, ingredient_id, recipe_id) values (66, 2, 6, 15);
insert into ingredient_recipe (id, quantity, ingredient_id, recipe_id) values (67, 3, 48, 2);
insert into ingredient_recipe (id, quantity, ingredient_id, recipe_id) values (68, 3, 3, 31);
insert into ingredient_recipe (id, quantity, ingredient_id, recipe_id) values (69, 1, 27, 19);
insert into ingredient_recipe (id, quantity, ingredient_id, recipe_id) values (70, 2, 4, 9);
insert into ingredient_recipe (id, quantity, ingredient_id, recipe_id) values (71, 3, 10, 12);
insert into ingredient_recipe (id, quantity, ingredient_id, recipe_id) values (72, 4, 49, 41);
insert into ingredient_recipe (id, quantity, ingredient_id, recipe_id) values (73, 1, 35, 47);
insert into ingredient_recipe (id, quantity, ingredient_id, recipe_id) values (74, 4, 11, 22);
insert into ingredient_recipe (id, quantity, ingredient_id, recipe_id) values (75, 2, 8, 40);
insert into ingredient_recipe (id, quantity, ingredient_id, recipe_id) values (76, 2, 20, 27);
insert into ingredient_recipe (id, quantity, ingredient_id, recipe_id) values (77, 1, 30, 21);
insert into ingredient_recipe (id, quantity, ingredient_id, recipe_id) values (78, 3, 6, 48);
insert into ingredient_recipe (id, quantity, ingredient_id, recipe_id) values (79, 1, 42, 22);
insert into ingredient_recipe (id, quantity, ingredient_id, recipe_id) values (80, 1, 23, 48);
insert into ingredient_recipe (id, quantity, ingredient_id, recipe_id) values (81, 1, 50, 16);
insert into ingredient_recipe (id, quantity, ingredient_id, recipe_id) values (82, 3, 45, 49);
insert into ingredient_recipe (id, quantity, ingredient_id, recipe_id) values (83, 3, 18, 16);
insert into ingredient_recipe (id, quantity, ingredient_id, recipe_id) values (84, 4, 50, 50);
insert into ingredient_recipe (id, quantity, ingredient_id, recipe_id) values (85, 4, 6, 36);
insert into ingredient_recipe (id, quantity, ingredient_id, recipe_id) values (86, 1, 34, 42);
insert into ingredient_recipe (id, quantity, ingredient_id, recipe_id) values (87, 2, 38, 24);
insert into ingredient_recipe (id, quantity, ingredient_id, recipe_id) values (88, 3, 10, 21);
insert into ingredient_recipe (id, quantity, ingredient_id, recipe_id) values (89, 2, 38, 37);
insert into ingredient_recipe (id, quantity, ingredient_id, recipe_id) values (90, 4, 29, 30);
insert into ingredient_recipe (id, quantity, ingredient_id, recipe_id) values (91, 1, 45, 2);
insert into ingredient_recipe (id, quantity, ingredient_id, recipe_id) values (92, 2, 9, 49);
insert into ingredient_recipe (id, quantity, ingredient_id, recipe_id) values (93, 4, 30, 47);
insert into ingredient_recipe (id, quantity, ingredient_id, recipe_id) values (94, 2, 44, 32);
insert into ingredient_recipe (id, quantity, ingredient_id, recipe_id) values (95, 3, 43, 48);
insert into ingredient_recipe (id, quantity, ingredient_id, recipe_id) values (96, 4, 10, 42);
insert into ingredient_recipe (id, quantity, ingredient_id, recipe_id) values (97, 1, 7, 18);
insert into ingredient_recipe (id, quantity, ingredient_id, recipe_id) values (98, 2, 22, 25);
insert into ingredient_recipe (id, quantity, ingredient_id, recipe_id) values (99, 2, 1, 28);
insert into ingredient_recipe (id, quantity, ingredient_id, recipe_id) values (100, 3, 43, 26);

-- Order Cart
insert into order_cart (id, details, status, client_id, restaurant_id) values (1, null, 2, 30, 44); insert into order_cart (id, details, status, client_id, restaurant_id) values (2, null, 1, 48, 50); insert into order_cart (id, details, status, client_id, restaurant_id) values (3, null, 3, 1, 45); insert into order_cart (id, details, status, client_id, restaurant_id) values (4, null, 8, 4, 49); insert into order_cart (id, details, status, client_id, restaurant_id) values (5, null, 6, 30, 32); insert into order_cart (id, details, status, client_id, restaurant_id) values (6, null, 3, 5, 15); insert into order_cart (id, details, status, client_id, restaurant_id) values (7, null, 4, 34, 10); insert into order_cart (id, details, status, client_id, restaurant_id) values (8, null, 1, 36, 2); insert into order_cart (id, details, status, client_id, restaurant_id) values (9, null, 3, 37, 9); insert into order_cart (id, details, status, client_id, restaurant_id) values (10, null, 4, 27, 23); insert into order_cart (id, details, status, client_id, restaurant_id) values (11, null, 5, 28, 22); insert into order_cart (id, details, status, client_id, restaurant_id) values (12, null, 6, 49, 22); insert into order_cart (id, details, status, client_id, restaurant_id) values (13, null, 4, 4, 5); insert into order_cart (id, details, status, client_id, restaurant_id) values (14, null, 8, 46, 41); insert into order_cart (id, details, status, client_id, restaurant_id) values (15, null, 8, 15, 38); insert into order_cart (id, details, status, client_id, restaurant_id) values (16, null, 6, 37, 30); insert into order_cart (id, details, status, client_id, restaurant_id) values (17, null, 4, 32, 10); insert into order_cart (id, details, status, client_id, restaurant_id) values (18, null, 2, 11, 49); insert into order_cart (id, details, status, client_id, restaurant_id) values (19, null, 4, 46, 29); insert into order_cart (id, details, status, client_id, restaurant_id) values (20, null, 7, 20, 15); insert into order_cart (id, details, status, client_id, restaurant_id) values (21, null, 2, 37, 40); insert into order_cart (id, details, status, client_id, restaurant_id) values (22, null, 7, 2, 18); insert into order_cart (id, details, status, client_id, restaurant_id) values (23, null, 6, 31, 16); insert into order_cart (id, details, status, client_id, restaurant_id) values (24, null, 4, 15, 28); insert into order_cart (id, details, status, client_id, restaurant_id) values (25, null, 4, 41, 40); insert into order_cart (id, details, status, client_id, restaurant_id) values (26, null, 5, 12, 11); insert into order_cart (id, details, status, client_id, restaurant_id) values (27, null, 8, 39, 38); insert into order_cart (id, details, status, client_id, restaurant_id) values (28, null, 8, 33, 3); insert into order_cart (id, details, status, client_id, restaurant_id) values (29, null, 6, 40, 26); insert into order_cart (id, details, status, client_id, restaurant_id) values (30, null, 5, 20, 44); insert into order_cart (id, details, status, client_id, restaurant_id) values (31, null, 8, 7, 9); insert into order_cart (id, details, status, client_id, restaurant_id) values (32, null, 4, 34, 4); insert into order_cart (id, details, status, client_id, restaurant_id) values (33, null, 4, 18, 9); insert into order_cart (id, details, status, client_id, restaurant_id) values (34, null, 7, 23, 3); insert into order_cart (id, details, status, client_id, restaurant_id) values (35, null, 6, 7, 29); insert into order_cart (id, details, status, client_id, restaurant_id) values (36, null, 8, 25, 43); insert into order_cart (id, details, status, client_id, restaurant_id) values (37, null, 2, 3, 45); insert into order_cart (id, details, status, client_id, restaurant_id) values (38, null, 2, 50, 12); insert into order_cart (id, details, status, client_id, restaurant_id) values (39, null, 7, 28, 7); insert into order_cart (id, details, status, client_id, restaurant_id) values (40, null, 5, 8, 10); insert into order_cart (id, details, status, client_id, restaurant_id) values (41, null, 2, 11, 35); insert into order_cart (id, details, status, client_id, restaurant_id) values (42, null, 1, 40, 9); insert into order_cart (id, details, status, client_id, restaurant_id) values (43, null, 5, 11, 36); insert into order_cart (id, details, status, client_id, restaurant_id) values (44, null, 7, 4, 48); insert into order_cart (id, details, status, client_id, restaurant_id) values (45, null, 2, 1, 33); insert into order_cart (id, details, status, client_id, restaurant_id) values (46, null, 4, 32, 18); insert into order_cart (id, details, status, client_id, restaurant_id) values (47, null, 1, 34, 14); insert into order_cart (id, details, status, client_id, restaurant_id) values (48, null, 8, 14, 19); insert into order_cart (id, details, status, client_id, restaurant_id) values (49, null, 7, 10, 19); insert into order_cart (id, details, status, client_id, restaurant_id) values (50, null, 2, 7, 27); insert into order_cart (id, details, status, client_id, restaurant_id) values (51, null, 7, 11, 43); insert into order_cart (id, details, status, client_id, restaurant_id) values (52, null, 1, 15, 47); insert into order_cart (id, details, status, client_id, restaurant_id) values (53, null, 8, 34, 49); insert into order_cart (id, details, status, client_id, restaurant_id) values (54, null, 8, 21, 25); insert into order_cart (id, details, status, client_id, restaurant_id) values (55, null, 3, 13, 2); insert into order_cart (id, details, status, client_id, restaurant_id) values (56, null, 1, 26, 2); insert into order_cart (id, details, status, client_id, restaurant_id) values (57, null, 6, 31, 17); insert into order_cart (id, details, status, client_id, restaurant_id) values (58, null, 3, 42, 27); insert into order_cart (id, details, status, client_id, restaurant_id) values (59, null, 1, 27, 50); insert into order_cart (id, details, status, client_id, restaurant_id) values (60, null, 8, 31, 2); insert into order_cart (id, details, status, client_id, restaurant_id) values (61, null, 4, 43, 44); insert into order_cart (id, details, status, client_id, restaurant_id) values (62, null, 6, 12, 13); insert into order_cart (id, details, status, client_id, restaurant_id) values (63, null, 5, 20, 26); insert into order_cart (id, details, status, client_id, restaurant_id) values (64, null, 7, 7, 40); insert into order_cart (id, details, status, client_id, restaurant_id) values (65, null, 7, 35, 27); insert into order_cart (id, details, status, client_id, restaurant_id) values (66, null, 3, 21, 3); insert into order_cart (id, details, status, client_id, restaurant_id) values (67, null, 1, 9, 7); insert into order_cart (id, details, status, client_id, restaurant_id) values (68, null, 4, 44, 17); insert into order_cart (id, details, status, client_id, restaurant_id) values (69, null, 8, 30, 37); insert into order_cart (id, details, status, client_id, restaurant_id) values (70, null, 8, 26, 17); insert into order_cart (id, details, status, client_id, restaurant_id) values (71, null, 2, 25, 2); insert into order_cart (id, details, status, client_id, restaurant_id) values (72, null, 2, 40, 3); insert into order_cart (id, details, status, client_id, restaurant_id) values (73, null, 4, 36, 17); insert into order_cart (id, details, status, client_id, restaurant_id) values (74, null, 8, 15, 38); insert into order_cart (id, details, status, client_id, restaurant_id) values (75, null, 1, 50, 4); insert into order_cart (id, details, status, client_id, restaurant_id) values (76, null, 6, 43, 23); insert into order_cart (id, details, status, client_id, restaurant_id) values (77, null, 1, 26, 36); insert into order_cart (id, details, status, client_id, restaurant_id) values (78, null, 1, 43, 19); insert into order_cart (id, details, status, client_id, restaurant_id) values (79, null, 6, 9, 21); insert into order_cart (id, details, status, client_id, restaurant_id) values (80, null, 3, 49, 38); insert into order_cart (id, details, status, client_id, restaurant_id) values (81, null, 3, 33, 35); insert into order_cart (id, details, status, client_id, restaurant_id) values (82, null, 5, 18, 27); insert into order_cart (id, details, status, client_id, restaurant_id) values (83, null, 6, 4, 1); insert into order_cart (id, details, status, client_id, restaurant_id) values (84, null, 8, 28, 9); insert into order_cart (id, details, status, client_id, restaurant_id) values (85, null, 5, 14, 48); insert into order_cart (id, details, status, client_id, restaurant_id) values (86, null, 5, 48, 5); insert into order_cart (id, details, status, client_id, restaurant_id) values (87, null, 6, 45, 44); insert into order_cart (id, details, status, client_id, restaurant_id) values (88, null, 7, 45, 38); insert into order_cart (id, details, status, client_id, restaurant_id) values (89, null, 7, 37, 18); insert into order_cart (id, details, status, client_id, restaurant_id) values (90, null, 4, 50, 42); insert into order_cart (id, details, status, client_id, restaurant_id) values (91, null, 4, 21, 42); insert into order_cart (id, details, status, client_id, restaurant_id) values (92, null, 5, 33, 44); insert into order_cart (id, details, status, client_id, restaurant_id) values (93, null, 7, 49, 31); insert into order_cart (id, details, status, client_id, restaurant_id) values (94, null, 1, 17, 15); insert into order_cart (id, details, status, client_id, restaurant_id) values (95, null, 7, 12, 6); insert into order_cart (id, details, status, client_id, restaurant_id) values (96, null, 3, 17, 12); insert into order_cart (id, details, status, client_id, restaurant_id) values (97, null, 6, 13, 30); insert into order_cart (id, details, status, client_id, restaurant_id) values (98, null, 3, 9, 33); insert into order_cart (id, details, status, client_id, restaurant_id) values (99, null, 2, 23, 6); insert into order_cart (id, details, status, client_id, restaurant_id) values (100, null, 7, 43, 5); insert into order_cart (id, details, status, client_id, restaurant_id) values (101, null, 7, 30, 7); insert into order_cart (id, details, status, client_id, restaurant_id) values (102, null, 4, 28, 31); insert into order_cart (id, details, status, client_id, restaurant_id) values (103, null, 5, 8, 41); insert into order_cart (id, details, status, client_id, restaurant_id) values (104, null, 2, 45, 29); insert into order_cart (id, details, status, client_id, restaurant_id) values (105, null, 7, 9, 45); insert into order_cart (id, details, status, client_id, restaurant_id) values (106, null, 8, 10, 25); insert into order_cart (id, details, status, client_id, restaurant_id) values (107, null, 3, 3, 41); insert into order_cart (id, details, status, client_id, restaurant_id) values (108, null, 4, 37, 50); insert into order_cart (id, details, status, client_id, restaurant_id) values (109, null, 2, 24, 21); insert into order_cart (id, details, status, client_id, restaurant_id) values (110, null, 7, 24, 45); insert into order_cart (id, details, status, client_id, restaurant_id) values (111, null, 4, 30, 23); insert into order_cart (id, details, status, client_id, restaurant_id) values (112, null, 7, 36, 34); insert into order_cart (id, details, status, client_id, restaurant_id) values (113, null, 8, 20, 29); insert into order_cart (id, details, status, client_id, restaurant_id) values (114, null, 7, 47, 27); insert into order_cart (id, details, status, client_id, restaurant_id) values (115, null, 2, 17, 13); insert into order_cart (id, details, status, client_id, restaurant_id) values (116, null, 3, 40, 3); insert into order_cart (id, details, status, client_id, restaurant_id) values (117, null, 8, 12, 49); insert into order_cart (id, details, status, client_id, restaurant_id) values (118, null, 3, 22, 41); insert into order_cart (id, details, status, client_id, restaurant_id) values (119, null, 7, 1, 17); insert into order_cart (id, details, status, client_id, restaurant_id) values (120, null, 7, 35, 3); insert into order_cart (id, details, status, client_id, restaurant_id) values (121, null, 7, 4, 11); insert into order_cart (id, details, status, client_id, restaurant_id) values (122, null, 8, 13, 32); insert into order_cart (id, details, status, client_id, restaurant_id) values (123, null, 1, 48, 31); insert into order_cart (id, details, status, client_id, restaurant_id) values (124, null, 1, 17, 36); insert into order_cart (id, details, status, client_id, restaurant_id) values (125, null, 3, 27, 50); insert into order_cart (id, details, status, client_id, restaurant_id) values (126, null, 4, 37, 16); insert into order_cart (id, details, status, client_id, restaurant_id) values (127, null, 2, 4, 31); insert into order_cart (id, details, status, client_id, restaurant_id) values (128, null, 1, 48, 39); insert into order_cart (id, details, status, client_id, restaurant_id) values (129, null, 5, 7, 37); insert into order_cart (id, details, status, client_id, restaurant_id) values (130, null, 3, 10, 43); insert into order_cart (id, details, status, client_id, restaurant_id) values (131, null, 8, 6, 29); insert into order_cart (id, details, status, client_id, restaurant_id) values (132, null, 5, 15, 45); insert into order_cart (id, details, status, client_id, restaurant_id) values (133, null, 4, 48, 16); insert into order_cart (id, details, status, client_id, restaurant_id) values (134, null, 7, 37, 25); insert into order_cart (id, details, status, client_id, restaurant_id) values (135, null, 8, 26, 16); insert into order_cart (id, details, status, client_id, restaurant_id) values (136, null, 2, 9, 31); insert into order_cart (id, details, status, client_id, restaurant_id) values (137, null, 6, 11, 39); insert into order_cart (id, details, status, client_id, restaurant_id) values (138, null, 1, 16, 16); insert into order_cart (id, details, status, client_id, restaurant_id) values (139, null, 2, 26, 23); insert into order_cart (id, details, status, client_id, restaurant_id) values (140, null, 5, 32, 13); insert into order_cart (id, details, status, client_id, restaurant_id) values (141, null, 5, 19, 41); insert into order_cart (id, details, status, client_id, restaurant_id) values (142, null, 6, 48, 25); insert into order_cart (id, details, status, client_id, restaurant_id) values (143, null, 7, 5, 34); insert into order_cart (id, details, status, client_id, restaurant_id) values (144, null, 5, 24, 12); insert into order_cart (id, details, status, client_id, restaurant_id) values (145, null, 4, 36, 34); insert into order_cart (id, details, status, client_id, restaurant_id) values (146, null, 4, 6, 11); insert into order_cart (id, details, status, client_id, restaurant_id) values (147, null, 5, 36, 45); insert into order_cart (id, details, status, client_id, restaurant_id) values (148, null, 8, 42, 17); insert into order_cart (id, details, status, client_id, restaurant_id) values (149, null, 5, 6, 18); insert into order_cart (id, details, status, client_id, restaurant_id) values (150, null, 1, 9, 29); insert into order_cart (id, details, status, client_id, restaurant_id) values (151, null, 5, 12, 45); insert into order_cart (id, details, status, client_id, restaurant_id) values (152, null, 7, 43, 46); insert into order_cart (id, details, status, client_id, restaurant_id) values (153, null, 5, 43, 24); insert into order_cart (id, details, status, client_id, restaurant_id) values (154, null, 1, 30, 10); insert into order_cart (id, details, status, client_id, restaurant_id) values (155, null, 6, 33, 22); insert into order_cart (id, details, status, client_id, restaurant_id) values (156, null, 2, 40, 16); insert into order_cart (id, details, status, client_id, restaurant_id) values (157, null, 2, 34, 16); insert into order_cart (id, details, status, client_id, restaurant_id) values (158, null, 6, 30, 31); insert into order_cart (id, details, status, client_id, restaurant_id) values (159, null, 8, 40, 7); insert into order_cart (id, details, status, client_id, restaurant_id) values (160, null, 2, 31, 11); insert into order_cart (id, details, status, client_id, restaurant_id) values (161, null, 7, 9, 27); insert into order_cart (id, details, status, client_id, restaurant_id) values (162, null, 3, 13, 4); insert into order_cart (id, details, status, client_id, restaurant_id) values (163, null, 6, 17, 5); insert into order_cart (id, details, status, client_id, restaurant_id) values (164, null, 5, 22, 40); insert into order_cart (id, details, status, client_id, restaurant_id) values (165, null, 5, 3, 16); insert into order_cart (id, details, status, client_id, restaurant_id) values (166, null, 4, 31, 21); insert into order_cart (id, details, status, client_id, restaurant_id) values (167, null, 8, 20, 16); insert into order_cart (id, details, status, client_id, restaurant_id) values (168, null, 7, 39, 34); insert into order_cart (id, details, status, client_id, restaurant_id) values (169, null, 5, 6, 46); insert into order_cart (id, details, status, client_id, restaurant_id) values (170, null, 5, 10, 27); insert into order_cart (id, details, status, client_id, restaurant_id) values (171, null, 6, 1, 28); insert into order_cart (id, details, status, client_id, restaurant_id) values (172, null, 3, 38, 9); insert into order_cart (id, details, status, client_id, restaurant_id) values (173, null, 1, 4, 36); insert into order_cart (id, details, status, client_id, restaurant_id) values (174, null, 3, 18, 6); insert into order_cart (id, details, status, client_id, restaurant_id) values (175, null, 5, 12, 14); insert into order_cart (id, details, status, client_id, restaurant_id) values (176, null, 5, 31, 4); insert into order_cart (id, details, status, client_id, restaurant_id) values (177, null, 8, 16, 33); insert into order_cart (id, details, status, client_id, restaurant_id) values (178, null, 7, 37, 9); insert into order_cart (id, details, status, client_id, restaurant_id) values (179, null, 8, 22, 32); insert into order_cart (id, details, status, client_id, restaurant_id) values (180, null, 7, 49, 12); insert into order_cart (id, details, status, client_id, restaurant_id) values (181, null, 3, 11, 14); insert into order_cart (id, details, status, client_id, restaurant_id) values (182, null, 6, 33, 23); insert into order_cart (id, details, status, client_id, restaurant_id) values (183, null, 6, 44, 46); insert into order_cart (id, details, status, client_id, restaurant_id) values (184, null, 5, 6, 19); insert into order_cart (id, details, status, client_id, restaurant_id) values (185, null, 1, 7, 35); insert into order_cart (id, details, status, client_id, restaurant_id) values (186, null, 1, 32, 27); insert into order_cart (id, details, status, client_id, restaurant_id) values (187, null, 4, 44, 46); insert into order_cart (id, details, status, client_id, restaurant_id) values (188, null, 1, 11, 38); insert into order_cart (id, details, status, client_id, restaurant_id) values (189, null, 5, 8, 3); insert into order_cart (id, details, status, client_id, restaurant_id) values (190, null, 8, 33, 50); insert into order_cart (id, details, status, client_id, restaurant_id) values (191, null, 5, 27, 11); insert into order_cart (id, details, status, client_id, restaurant_id) values (192, null, 3, 10, 15); insert into order_cart (id, details, status, client_id, restaurant_id) values (193, null, 4, 8, 21); insert into order_cart (id, details, status, client_id, restaurant_id) values (194, null, 1, 18, 11); insert into order_cart (id, details, status, client_id, restaurant_id) values (195, null, 4, 31, 27); insert into order_cart (id, details, status, client_id, restaurant_id) values (196, null, 3, 41, 13); insert into order_cart (id, details, status, client_id, restaurant_id) values (197, null, 5, 42, 48); insert into order_cart (id, details, status, client_id, restaurant_id) values (198, null, 3, 12, 29); insert into order_cart (id, details, status, client_id, restaurant_id) values (199, null, 7, 40, 5); insert into order_cart (id, details, status, client_id, restaurant_id) values (200, null, 1, 22, 44); insert into order_cart (id, details, status, client_id, restaurant_id) values (201, null, 6, 27, 37); insert into order_cart (id, details, status, client_id, restaurant_id) values (202, null, 2, 4, 50); insert into order_cart (id, details, status, client_id, restaurant_id) values (203, null, 8, 48, 45); insert into order_cart (id, details, status, client_id, restaurant_id) values (204, null, 2, 27, 12); insert into order_cart (id, details, status, client_id, restaurant_id) values (205, null, 7, 5, 4); insert into order_cart (id, details, status, client_id, restaurant_id) values (206, null, 1, 36, 13); insert into order_cart (id, details, status, client_id, restaurant_id) values (207, null, 6, 24, 8); insert into order_cart (id, details, status, client_id, restaurant_id) values (208, null, 3, 5, 48); insert into order_cart (id, details, status, client_id, restaurant_id) values (209, null, 6, 50, 40); insert into order_cart (id, details, status, client_id, restaurant_id) values (210, null, 7, 13, 19); insert into order_cart (id, details, status, client_id, restaurant_id) values (211, null, 8, 27, 37); insert into order_cart (id, details, status, client_id, restaurant_id) values (212, null, 2, 24, 19); insert into order_cart (id, details, status, client_id, restaurant_id) values (213, null, 7, 42, 24); insert into order_cart (id, details, status, client_id, restaurant_id) values (214, null, 5, 28, 6); insert into order_cart (id, details, status, client_id, restaurant_id) values (215, null, 5, 46, 37); insert into order_cart (id, details, status, client_id, restaurant_id) values (216, null, 7, 20, 30); insert into order_cart (id, details, status, client_id, restaurant_id) values (217, null, 1, 22, 40); insert into order_cart (id, details, status, client_id, restaurant_id) values (218, null, 7, 6, 5); insert into order_cart (id, details, status, client_id, restaurant_id) values (219, null, 1, 2, 8); insert into order_cart (id, details, status, client_id, restaurant_id) values (220, null, 2, 23, 14); insert into order_cart (id, details, status, client_id, restaurant_id) values (221, null, 7, 32, 24); insert into order_cart (id, details, status, client_id, restaurant_id) values (222, null, 6, 15, 29); insert into order_cart (id, details, status, client_id, restaurant_id) values (223, null, 6, 41, 21); insert into order_cart (id, details, status, client_id, restaurant_id) values (224, null, 5, 48, 33); insert into order_cart (id, details, status, client_id, restaurant_id) values (225, null, 3, 25, 30); insert into order_cart (id, details, status, client_id, restaurant_id) values (226, null, 4, 34, 43); insert into order_cart (id, details, status, client_id, restaurant_id) values (227, null, 5, 41, 31); insert into order_cart (id, details, status, client_id, restaurant_id) values (228, null, 6, 3, 6); insert into order_cart (id, details, status, client_id, restaurant_id) values (229, null, 5, 19, 30); insert into order_cart (id, details, status, client_id, restaurant_id) values (230, null, 8, 28, 31); insert into order_cart (id, details, status, client_id, restaurant_id) values (231, null, 7, 15, 37); insert into order_cart (id, details, status, client_id, restaurant_id) values (232, null, 2, 44, 11); insert into order_cart (id, details, status, client_id, restaurant_id) values (233, null, 7, 15, 33); insert into order_cart (id, details, status, client_id, restaurant_id) values (234, null, 2, 11, 1); insert into order_cart (id, details, status, client_id, restaurant_id) values (235, null, 1, 36, 4); insert into order_cart (id, details, status, client_id, restaurant_id) values (236, null, 2, 44, 10); insert into order_cart (id, details, status, client_id, restaurant_id) values (237, null, 4, 25, 13); insert into order_cart (id, details, status, client_id, restaurant_id) values (238, null, 7, 50, 32); insert into order_cart (id, details, status, client_id, restaurant_id) values (239, null, 8, 47, 11); insert into order_cart (id, details, status, client_id, restaurant_id) values (240, null, 4, 3, 1); insert into order_cart (id, details, status, client_id, restaurant_id) values (241, null, 1, 43, 37); insert into order_cart (id, details, status, client_id, restaurant_id) values (242, null, 4, 22, 3); insert into order_cart (id, details, status, client_id, restaurant_id) values (243, null, 5, 19, 16); insert into order_cart (id, details, status, client_id, restaurant_id) values (244, null, 6, 26, 42); insert into order_cart (id, details, status, client_id, restaurant_id) values (245, null, 4, 24, 17); insert into order_cart (id, details, status, client_id, restaurant_id) values (246, null, 3, 28, 14); insert into order_cart (id, details, status, client_id, restaurant_id) values (247, null, 8, 7, 8); insert into order_cart (id, details, status, client_id, restaurant_id) values (248, null, 2, 13, 14); insert into order_cart (id, details, status, client_id, restaurant_id) values (249, null, 1, 23, 18); insert into order_cart (id, details, status, client_id, restaurant_id) values (250, null, 7, 50, 28); insert into order_cart (id, details, status, client_id, restaurant_id) values (251, null, 1, 3, 8); insert into order_cart (id, details, status, client_id, restaurant_id) values (252, null, 7, 22, 18); insert into order_cart (id, details, status, client_id, restaurant_id) values (253, null, 8, 25, 39); insert into order_cart (id, details, status, client_id, restaurant_id) values (254, null, 5, 42, 35); insert into order_cart (id, details, status, client_id, restaurant_id) values (255, null, 8, 13, 48); insert into order_cart (id, details, status, client_id, restaurant_id) values (256, null, 7, 42, 17); insert into order_cart (id, details, status, client_id, restaurant_id) values (257, null, 7, 1, 26); insert into order_cart (id, details, status, client_id, restaurant_id) values (258, null, 3, 4, 4); insert into order_cart (id, details, status, client_id, restaurant_id) values (259, null, 2, 13, 21); insert into order_cart (id, details, status, client_id, restaurant_id) values (260, null, 6, 18, 24); insert into order_cart (id, details, status, client_id, restaurant_id) values (261, null, 3, 13, 9); insert into order_cart (id, details, status, client_id, restaurant_id) values (262, null, 8, 4, 29); insert into order_cart (id, details, status, client_id, restaurant_id) values (263, null, 8, 48, 30); insert into order_cart (id, details, status, client_id, restaurant_id) values (264, null, 3, 47, 40); insert into order_cart (id, details, status, client_id, restaurant_id) values (265, null, 8, 3, 19); insert into order_cart (id, details, status, client_id, restaurant_id) values (266, null, 4, 20, 25); insert into order_cart (id, details, status, client_id, restaurant_id) values (267, null, 3, 8, 34); insert into order_cart (id, details, status, client_id, restaurant_id) values (268, null, 1, 45, 25); insert into order_cart (id, details, status, client_id, restaurant_id) values (269, null, 7, 22, 25); insert into order_cart (id, details, status, client_id, restaurant_id) values (270, null, 4, 32, 47); insert into order_cart (id, details, status, client_id, restaurant_id) values (271, null, 3, 22, 36); insert into order_cart (id, details, status, client_id, restaurant_id) values (272, null, 3, 18, 1); insert into order_cart (id, details, status, client_id, restaurant_id) values (273, null, 5, 49, 44); insert into order_cart (id, details, status, client_id, restaurant_id) values (274, null, 3, 40, 9); insert into order_cart (id, details, status, client_id, restaurant_id) values (275, null, 3, 5, 10); insert into order_cart (id, details, status, client_id, restaurant_id) values (276, null, 4, 7, 12); insert into order_cart (id, details, status, client_id, restaurant_id) values (277, null, 7, 18, 34); insert into order_cart (id, details, status, client_id, restaurant_id) values (278, null, 4, 31, 37); insert into order_cart (id, details, status, client_id, restaurant_id) values (279, null, 7, 19, 8); insert into order_cart (id, details, status, client_id, restaurant_id) values (280, null, 2, 25, 21); insert into order_cart (id, details, status, client_id, restaurant_id) values (281, null, 6, 6, 11); insert into order_cart (id, details, status, client_id, restaurant_id) values (282, null, 3, 32, 42); insert into order_cart (id, details, status, client_id, restaurant_id) values (283, null, 5, 48, 14); insert into order_cart (id, details, status, client_id, restaurant_id) values (284, null, 7, 22, 47); insert into order_cart (id, details, status, client_id, restaurant_id) values (285, null, 8, 40, 43); insert into order_cart (id, details, status, client_id, restaurant_id) values (286, null, 6, 3, 37); insert into order_cart (id, details, status, client_id, restaurant_id) values (287, null, 1, 1, 49); insert into order_cart (id, details, status, client_id, restaurant_id) values (288, null, 3, 26, 34); insert into order_cart (id, details, status, client_id, restaurant_id) values (289, null, 7, 8, 37); insert into order_cart (id, details, status, client_id, restaurant_id) values (290, null, 2, 13, 17); insert into order_cart (id, details, status, client_id, restaurant_id) values (291, null, 5, 15, 14); insert into order_cart (id, details, status, client_id, restaurant_id) values (292, null, 2, 31, 13); insert into order_cart (id, details, status, client_id, restaurant_id) values (293, null, 8, 38, 23); insert into order_cart (id, details, status, client_id, restaurant_id) values (294, null, 6, 44, 16); insert into order_cart (id, details, status, client_id, restaurant_id) values (295, null, 7, 29, 13); insert into order_cart (id, details, status, client_id, restaurant_id) values (296, null, 5, 40, 37); insert into order_cart (id, details, status, client_id, restaurant_id) values (297, null, 2, 17, 42); insert into order_cart (id, details, status, client_id, restaurant_id) values (298, null, 7, 42, 9); insert into order_cart (id, details, status, client_id, restaurant_id) values (299, null, 5, 14, 17); insert into order_cart (id, details, status, client_id, restaurant_id) values (300, null, 6, 44, 17); insert into order_cart (id, details, status, client_id, restaurant_id) values (301, null, 1, 33, 11); insert into order_cart (id, details, status, client_id, restaurant_id) values (302, null, 3, 28, 37); insert into order_cart (id, details, status, client_id, restaurant_id) values (303, null, 7, 10, 13); insert into order_cart (id, details, status, client_id, restaurant_id) values (304, null, 7, 44, 48); insert into order_cart (id, details, status, client_id, restaurant_id) values (305, null, 5, 5, 24); insert into order_cart (id, details, status, client_id, restaurant_id) values (306, null, 2, 9, 39); insert into order_cart (id, details, status, client_id, restaurant_id) values (307, null, 6, 3, 48); insert into order_cart (id, details, status, client_id, restaurant_id) values (308, null, 1, 45, 27); insert into order_cart (id, details, status, client_id, restaurant_id) values (309, null, 1, 42, 48); insert into order_cart (id, details, status, client_id, restaurant_id) values (310, null, 8, 34, 25); insert into order_cart (id, details, status, client_id, restaurant_id) values (311, null, 7, 22, 7); insert into order_cart (id, details, status, client_id, restaurant_id) values (312, null, 5, 17, 7); insert into order_cart (id, details, status, client_id, restaurant_id) values (313, null, 1, 18, 43); insert into order_cart (id, details, status, client_id, restaurant_id) values (314, null, 7, 14, 49); insert into order_cart (id, details, status, client_id, restaurant_id) values (315, null, 7, 8, 2); insert into order_cart (id, details, status, client_id, restaurant_id) values (316, null, 2, 29, 29); insert into order_cart (id, details, status, client_id, restaurant_id) values (317, null, 6, 24, 44); insert into order_cart (id, details, status, client_id, restaurant_id) values (318, null, 2, 32, 25); insert into order_cart (id, details, status, client_id, restaurant_id) values (319, null, 5, 49, 24); insert into order_cart (id, details, status, client_id, restaurant_id) values (320, null, 7, 19, 1); insert into order_cart (id, details, status, client_id, restaurant_id) values (321, null, 2, 42, 38); insert into order_cart (id, details, status, client_id, restaurant_id) values (322, null, 1, 20, 30); insert into order_cart (id, details, status, client_id, restaurant_id) values (323, null, 6, 46, 13); insert into order_cart (id, details, status, client_id, restaurant_id) values (324, null, 1, 10, 21); insert into order_cart (id, details, status, client_id, restaurant_id) values (325, null, 5, 13, 24); insert into order_cart (id, details, status, client_id, restaurant_id) values (326, null, 5, 7, 36); insert into order_cart (id, details, status, client_id, restaurant_id) values (327, null, 1, 34, 36); insert into order_cart (id, details, status, client_id, restaurant_id) values (328, null, 6, 14, 29); insert into order_cart (id, details, status, client_id, restaurant_id) values (329, null, 4, 31, 5); insert into order_cart (id, details, status, client_id, restaurant_id) values (330, null, 2, 12, 33); insert into order_cart (id, details, status, client_id, restaurant_id) values (331, null, 2, 24, 50); insert into order_cart (id, details, status, client_id, restaurant_id) values (332, null, 8, 16, 3); insert into order_cart (id, details, status, client_id, restaurant_id) values (333, null, 3, 24, 45); insert into order_cart (id, details, status, client_id, restaurant_id) values (334, null, 5, 36, 38); insert into order_cart (id, details, status, client_id, restaurant_id) values (335, null, 4, 10, 42); insert into order_cart (id, details, status, client_id, restaurant_id) values (336, null, 7, 31, 37); insert into order_cart (id, details, status, client_id, restaurant_id) values (337, null, 5, 37, 47); insert into order_cart (id, details, status, client_id, restaurant_id) values (338, null, 5, 33, 14); insert into order_cart (id, details, status, client_id, restaurant_id) values (339, null, 8, 9, 44); insert into order_cart (id, details, status, client_id, restaurant_id) values (340, null, 8, 19, 48); insert into order_cart (id, details, status, client_id, restaurant_id) values (341, null, 4, 20, 16); insert into order_cart (id, details, status, client_id, restaurant_id) values (342, null, 3, 30, 29); insert into order_cart (id, details, status, client_id, restaurant_id) values (343, null, 7, 22, 1); insert into order_cart (id, details, status, client_id, restaurant_id) values (344, null, 1, 1, 23); insert into order_cart (id, details, status, client_id, restaurant_id) values (345, null, 1, 9, 25); insert into order_cart (id, details, status, client_id, restaurant_id) values (346, null, 3, 46, 35); insert into order_cart (id, details, status, client_id, restaurant_id) values (347, null, 1, 16, 42); insert into order_cart (id, details, status, client_id, restaurant_id) values (348, null, 5, 25, 47); insert into order_cart (id, details, status, client_id, restaurant_id) values (349, null, 4, 35, 17); insert into order_cart (id, details, status, client_id, restaurant_id) values (350, null, 4, 15, 19); insert into order_cart (id, details, status, client_id, restaurant_id) values (351, null, 7, 10, 45); insert into order_cart (id, details, status, client_id, restaurant_id) values (352, null, 3, 49, 46); insert into order_cart (id, details, status, client_id, restaurant_id) values (353, null, 4, 23, 3); insert into order_cart (id, details, status, client_id, restaurant_id) values (354, null, 8, 3, 22); insert into order_cart (id, details, status, client_id, restaurant_id) values (355, null, 2, 6, 12); insert into order_cart (id, details, status, client_id, restaurant_id) values (356, null, 1, 48, 47); insert into order_cart (id, details, status, client_id, restaurant_id) values (357, null, 8, 25, 27); insert into order_cart (id, details, status, client_id, restaurant_id) values (358, null, 4, 1, 49); insert into order_cart (id, details, status, client_id, restaurant_id) values (359, null, 4, 38, 23); insert into order_cart (id, details, status, client_id, restaurant_id) values (360, null, 6, 21, 1); insert into order_cart (id, details, status, client_id, restaurant_id) values (361, null, 6, 17, 1); insert into order_cart (id, details, status, client_id, restaurant_id) values (362, null, 1, 12, 39); insert into order_cart (id, details, status, client_id, restaurant_id) values (363, null, 8, 11, 24); insert into order_cart (id, details, status, client_id, restaurant_id) values (364, null, 3, 20, 30); insert into order_cart (id, details, status, client_id, restaurant_id) values (365, null, 6, 37, 48); insert into order_cart (id, details, status, client_id, restaurant_id) values (366, null, 5, 33, 50); insert into order_cart (id, details, status, client_id, restaurant_id) values (367, null, 5, 28, 47); insert into order_cart (id, details, status, client_id, restaurant_id) values (368, null, 5, 47, 22); insert into order_cart (id, details, status, client_id, restaurant_id) values (369, null, 7, 35, 7); insert into order_cart (id, details, status, client_id, restaurant_id) values (370, null, 6, 35, 44); insert into order_cart (id, details, status, client_id, restaurant_id) values (371, null, 8, 13, 28); insert into order_cart (id, details, status, client_id, restaurant_id) values (372, null, 2, 2, 46); insert into order_cart (id, details, status, client_id, restaurant_id) values (373, null, 7, 4, 27); insert into order_cart (id, details, status, client_id, restaurant_id) values (374, null, 6, 38, 23); insert into order_cart (id, details, status, client_id, restaurant_id) values (375, null, 7, 48, 49); insert into order_cart (id, details, status, client_id, restaurant_id) values (376, null, 2, 2, 5); insert into order_cart (id, details, status, client_id, restaurant_id) values (377, null, 2, 22, 32); insert into order_cart (id, details, status, client_id, restaurant_id) values (378, null, 4, 48, 45); insert into order_cart (id, details, status, client_id, restaurant_id) values (379, null, 1, 46, 1); insert into order_cart (id, details, status, client_id, restaurant_id) values (380, null, 8, 41, 8); insert into order_cart (id, details, status, client_id, restaurant_id) values (381, null, 1, 50, 39); insert into order_cart (id, details, status, client_id, restaurant_id) values (382, null, 1, 42, 24); insert into order_cart (id, details, status, client_id, restaurant_id) values (383, null, 4, 36, 44); insert into order_cart (id, details, status, client_id, restaurant_id) values (384, null, 7, 25, 30); insert into order_cart (id, details, status, client_id, restaurant_id) values (385, null, 2, 43, 29); insert into order_cart (id, details, status, client_id, restaurant_id) values (386, null, 6, 13, 10); insert into order_cart (id, details, status, client_id, restaurant_id) values (387, null, 4, 38, 6); insert into order_cart (id, details, status, client_id, restaurant_id) values (388, null, 4, 14, 47); insert into order_cart (id, details, status, client_id, restaurant_id) values (389, null, 1, 48, 5); insert into order_cart (id, details, status, client_id, restaurant_id) values (390, null, 1, 3, 37); insert into order_cart (id, details, status, client_id, restaurant_id) values (391, null, 2, 14, 8); insert into order_cart (id, details, status, client_id, restaurant_id) values (392, null, 7, 12, 6); insert into order_cart (id, details, status, client_id, restaurant_id) values (393, null, 2, 4, 4); insert into order_cart (id, details, status, client_id, restaurant_id) values (394, null, 8, 42, 44); insert into order_cart (id, details, status, client_id, restaurant_id) values (395, null, 2, 27, 49); insert into order_cart (id, details, status, client_id, restaurant_id) values (396, null, 2, 16, 8); insert into order_cart (id, details, status, client_id, restaurant_id) values (397, null, 1, 35, 20); insert into order_cart (id, details, status, client_id, restaurant_id) values (398, null, 8, 25, 10); insert into order_cart (id, details, status, client_id, restaurant_id) values (399, null, 1, 43, 27); insert into order_cart (id, details, status, client_id, restaurant_id) values (400, null, 7, 36, 47); insert into order_cart (id, details, status, client_id, restaurant_id) values (401, null, 5, 1, 35); insert into order_cart (id, details, status, client_id, restaurant_id) values (402, null, 5, 25, 32); insert into order_cart (id, details, status, client_id, restaurant_id) values (403, null, 1, 37, 17); insert into order_cart (id, details, status, client_id, restaurant_id) values (404, null, 2, 37, 21); insert into order_cart (id, details, status, client_id, restaurant_id) values (405, null, 6, 9, 5); insert into order_cart (id, details, status, client_id, restaurant_id) values (406, null, 8, 22, 16); insert into order_cart (id, details, status, client_id, restaurant_id) values (407, null, 1, 44, 20); insert into order_cart (id, details, status, client_id, restaurant_id) values (408, null, 6, 21, 19); insert into order_cart (id, details, status, client_id, restaurant_id) values (409, null, 7, 10, 28); insert into order_cart (id, details, status, client_id, restaurant_id) values (410, null, 8, 16, 6); insert into order_cart (id, details, status, client_id, restaurant_id) values (411, null, 1, 3, 43); insert into order_cart (id, details, status, client_id, restaurant_id) values (412, null, 4, 26, 21); insert into order_cart (id, details, status, client_id, restaurant_id) values (413, null, 5, 8, 10); insert into order_cart (id, details, status, client_id, restaurant_id) values (414, null, 1, 44, 13); insert into order_cart (id, details, status, client_id, restaurant_id) values (415, null, 5, 42, 10); insert into order_cart (id, details, status, client_id, restaurant_id) values (416, null, 2, 28, 38); insert into order_cart (id, details, status, client_id, restaurant_id) values (417, null, 8, 33, 19); insert into order_cart (id, details, status, client_id, restaurant_id) values (418, null, 5, 40, 37); insert into order_cart (id, details, status, client_id, restaurant_id) values (419, null, 5, 41, 49); insert into order_cart (id, details, status, client_id, restaurant_id) values (420, null, 3, 17, 45); insert into order_cart (id, details, status, client_id, restaurant_id) values (421, null, 1, 21, 4); insert into order_cart (id, details, status, client_id, restaurant_id) values (422, null, 7, 36, 39); insert into order_cart (id, details, status, client_id, restaurant_id) values (423, null, 7, 14, 32); insert into order_cart (id, details, status, client_id, restaurant_id) values (424, null, 7, 18, 48); insert into order_cart (id, details, status, client_id, restaurant_id) values (425, null, 4, 9, 2); insert into order_cart (id, details, status, client_id, restaurant_id) values (426, null, 4, 23, 47); insert into order_cart (id, details, status, client_id, restaurant_id) values (427, null, 2, 33, 47); insert into order_cart (id, details, status, client_id, restaurant_id) values (428, null, 6, 50, 35); insert into order_cart (id, details, status, client_id, restaurant_id) values (429, null, 8, 43, 23); insert into order_cart (id, details, status, client_id, restaurant_id) values (430, null, 1, 14, 29); insert into order_cart (id, details, status, client_id, restaurant_id) values (431, null, 2, 33, 25); insert into order_cart (id, details, status, client_id, restaurant_id) values (432, null, 1, 12, 41); insert into order_cart (id, details, status, client_id, restaurant_id) values (433, null, 4, 31, 2); insert into order_cart (id, details, status, client_id, restaurant_id) values (434, null, 7, 46, 4); insert into order_cart (id, details, status, client_id, restaurant_id) values (435, null, 7, 42, 24); insert into order_cart (id, details, status, client_id, restaurant_id) values (436, null, 2, 21, 34); insert into order_cart (id, details, status, client_id, restaurant_id) values (437, null, 6, 21, 8); insert into order_cart (id, details, status, client_id, restaurant_id) values (438, null, 2, 31, 18); insert into order_cart (id, details, status, client_id, restaurant_id) values (439, null, 2, 20, 41); insert into order_cart (id, details, status, client_id, restaurant_id) values (440, null, 3, 49, 20); insert into order_cart (id, details, status, client_id, restaurant_id) values (441, null, 3, 2, 45); insert into order_cart (id, details, status, client_id, restaurant_id) values (442, null, 6, 49, 2); insert into order_cart (id, details, status, client_id, restaurant_id) values (443, null, 7, 4, 18); insert into order_cart (id, details, status, client_id, restaurant_id) values (444, null, 7, 4, 30); insert into order_cart (id, details, status, client_id, restaurant_id) values (445, null, 4, 24, 40); insert into order_cart (id, details, status, client_id, restaurant_id) values (446, null, 2, 11, 10); insert into order_cart (id, details, status, client_id, restaurant_id) values (447, null, 2, 12, 26); insert into order_cart (id, details, status, client_id, restaurant_id) values (448, null, 2, 48, 50); insert into order_cart (id, details, status, client_id, restaurant_id) values (449, null, 5, 49, 46); insert into order_cart (id, details, status, client_id, restaurant_id) values (450, null, 7, 14, 18); insert into order_cart (id, details, status, client_id, restaurant_id) values (451, null, 3, 3, 37); insert into order_cart (id, details, status, client_id, restaurant_id) values (452, null, 4, 18, 33); insert into order_cart (id, details, status, client_id, restaurant_id) values (453, null, 7, 29, 44); insert into order_cart (id, details, status, client_id, restaurant_id) values (454, null, 1, 36, 1); insert into order_cart (id, details, status, client_id, restaurant_id) values (455, null, 2, 50, 28); insert into order_cart (id, details, status, client_id, restaurant_id) values (456, null, 8, 33, 30); insert into order_cart (id, details, status, client_id, restaurant_id) values (457, null, 4, 4, 14); insert into order_cart (id, details, status, client_id, restaurant_id) values (458, null, 2, 44, 50); insert into order_cart (id, details, status, client_id, restaurant_id) values (459, null, 8, 6, 27); insert into order_cart (id, details, status, client_id, restaurant_id) values (460, null, 2, 50, 6); insert into order_cart (id, details, status, client_id, restaurant_id) values (461, null, 7, 4, 15); insert into order_cart (id, details, status, client_id, restaurant_id) values (462, null, 7, 27, 48); insert into order_cart (id, details, status, client_id, restaurant_id) values (463, null, 2, 25, 35); insert into order_cart (id, details, status, client_id, restaurant_id) values (464, null, 1, 13, 8); insert into order_cart (id, details, status, client_id, restaurant_id) values (465, null, 2, 39, 14); insert into order_cart (id, details, status, client_id, restaurant_id) values (466, null, 2, 47, 50); insert into order_cart (id, details, status, client_id, restaurant_id) values (467, null, 5, 35, 45); insert into order_cart (id, details, status, client_id, restaurant_id) values (468, null, 8, 21, 5); insert into order_cart (id, details, status, client_id, restaurant_id) values (469, null, 5, 17, 9); insert into order_cart (id, details, status, client_id, restaurant_id) values (470, null, 8, 10, 41); insert into order_cart (id, details, status, client_id, restaurant_id) values (471, null, 1, 33, 13); insert into order_cart (id, details, status, client_id, restaurant_id) values (472, null, 5, 20, 34); insert into order_cart (id, details, status, client_id, restaurant_id) values (473, null, 8, 46, 45); insert into order_cart (id, details, status, client_id, restaurant_id) values (474, null, 8, 16, 43); insert into order_cart (id, details, status, client_id, restaurant_id) values (475, null, 7, 9, 12); insert into order_cart (id, details, status, client_id, restaurant_id) values (476, null, 8, 14, 25); insert into order_cart (id, details, status, client_id, restaurant_id) values (477, null, 2, 50, 50); insert into order_cart (id, details, status, client_id, restaurant_id) values (478, null, 8, 12, 19); insert into order_cart (id, details, status, client_id, restaurant_id) values (479, null, 8, 28, 7); insert into order_cart (id, details, status, client_id, restaurant_id) values (480, null, 1, 41, 2); insert into order_cart (id, details, status, client_id, restaurant_id) values (481, null, 5, 35, 12); insert into order_cart (id, details, status, client_id, restaurant_id) values (482, null, 7, 40, 24); insert into order_cart (id, details, status, client_id, restaurant_id) values (483, null, 8, 19, 40); insert into order_cart (id, details, status, client_id, restaurant_id) values (484, null, 2, 18, 48); insert into order_cart (id, details, status, client_id, restaurant_id) values (485, null, 4, 32, 15); insert into order_cart (id, details, status, client_id, restaurant_id) values (486, null, 3, 49, 1); insert into order_cart (id, details, status, client_id, restaurant_id) values (487, null, 8, 40, 9); insert into order_cart (id, details, status, client_id, restaurant_id) values (488, null, 8, 35, 43); insert into order_cart (id, details, status, client_id, restaurant_id) values (489, null, 4, 8, 47); insert into order_cart (id, details, status, client_id, restaurant_id) values (490, null, 7, 38, 27); insert into order_cart (id, details, status, client_id, restaurant_id) values (491, null, 2, 13, 50); insert into order_cart (id, details, status, client_id, restaurant_id) values (492, null, 5, 25, 48); insert into order_cart (id, details, status, client_id, restaurant_id) values (493, null, 2, 18, 36); insert into order_cart (id, details, status, client_id, restaurant_id) values (494, null, 4, 49, 31); insert into order_cart (id, details, status, client_id, restaurant_id) values (495, null, 8, 36, 19); insert into order_cart (id, details, status, client_id, restaurant_id) values (496, null, 3, 31, 15); insert into order_cart (id, details, status, client_id, restaurant_id) values (497, null, 2, 45, 18); insert into order_cart (id, details, status, client_id, restaurant_id) values (498, null, 4, 9, 36); insert into order_cart (id, details, status, client_id, restaurant_id) values (499, null, 4, 7, 2); insert into order_cart (id, details, status, client_id, restaurant_id) values (500, null, 2, 41, 50);

-- Bank transaction
insert into bank_transaction (id, date, details, id_transaction, name, value, order_id) values (1, '2019-03-23 05:23:07', 'In quis justo. Maecenas rhoncus aliquam lacus. Morbi quis tortor id nulla ultrices aliquet.', '3595cf40-bab4-4690-a07c-861032ebaa91', 'Peirce Pigney', 22, 31);
insert into bank_transaction (id, date, details, id_transaction, name, value, order_id) values (2, '2018-06-14 09:22:14', 'In sagittis dui vel nisl. Duis ac nibh. Fusce lacus purus, aliquet at, feugiat non, pretium quis, lectus.

Suspendisse potenti. In eleifend quam a odio. In hac habitasse platea dictumst.', '660ef61e-e8a7-4cb4-bdc9-9df2770f8d6e', 'Kaycee Hairon', 29, 46);
insert into bank_transaction (id, date, details, id_transaction, name, value, order_id) values (3, '2018-10-12 05:58:41', 'Phasellus sit amet erat. Nulla tempus. Vivamus in felis eu sapien cursus vestibulum.

Proin eu mi. Nulla ac enim. In tempor, turpis nec euismod scelerisque, quam turpis adipiscing lorem, vitae mattis nibh ligula nec sem.', 'a15055ee-39bd-4d24-959a-bdd669a287fa', 'Donni Rewbottom', 4, 50);
insert into bank_transaction (id, date, details, id_transaction, name, value, order_id) values (4, '2018-06-03 07:12:08', 'Mauris enim leo, rhoncus sed, vestibulum sit amet, cursus id, turpis. Integer aliquet, massa id lobortis convallis, tortor risus dapibus augue, vel accumsan tellus nisi eu orci. Mauris lacinia sapien quis libero.', 'c02225ac-8e61-4419-9dc4-631fac3bf099', 'Stacee McCracken', 28, 28);
insert into bank_transaction (id, date, details, id_transaction, name, value, order_id) values (5, '2019-01-24 21:15:06', 'Vestibulum quam sapien, varius ut, blandit non, interdum in, ante. Vestibulum ante ipsum primis in faucibus orci luctus et ultrices posuere cubilia Curae; Duis faucibus accumsan odio. Curabitur convallis.

Duis consequat dui nec nisi volutpat eleifend. Donec ut dolor. Morbi vel lectus in quam fringilla rhoncus.', 'ba68ec2e-d32e-47ca-83e1-82f31e10f23c', 'Isahella Keel', 26, 12);
insert into bank_transaction (id, date, details, id_transaction, name, value, order_id) values (6, '2018-12-08 16:14:58', 'Suspendisse potenti. In eleifend quam a odio. In hac habitasse platea dictumst.', '0ecf3d0c-a5d1-41e4-b015-e6f1808aa0a5', 'Leopold Chansonnau', 10, 11);
insert into bank_transaction (id, date, details, id_transaction, name, value, order_id) values (7, '2018-07-18 08:21:41', 'Duis bibendum. Morbi non quam nec dui luctus rutrum. Nulla tellus.

In sagittis dui vel nisl. Duis ac nibh. Fusce lacus purus, aliquet at, feugiat non, pretium quis, lectus.', 'd5d4ad57-6c2c-4605-b1c3-2ed4da72da85', 'Madelena Farlowe', 30, 35);
insert into bank_transaction (id, date, details, id_transaction, name, value, order_id) values (8, '2019-02-04 04:10:32', 'Donec diam neque, vestibulum eget, vulputate ut, ultrices vel, augue. Vestibulum ante ipsum primis in faucibus orci luctus et ultrices posuere cubilia Curae; Donec pharetra, magna vestibulum aliquet ultrices, erat tortor sollicitudin mi, sit amet lobortis sapien sapien non mi. Integer ac neque.', '8c177b43-b37d-4f91-9aab-25fb4f81cf8f', 'Tamarra Mathouse', 26, 19);
insert into bank_transaction (id, date, details, id_transaction, name, value, order_id) values (9, '2018-10-23 12:14:48', 'Cras mi pede, malesuada in, imperdiet et, commodo vulputate, justo. In blandit ultrices enim. Lorem ipsum dolor sit amet, consectetuer adipiscing elit.', '729ad254-b7db-46b6-b943-b19dc6496973', 'Jackie Fenner', 9, 24);
insert into bank_transaction (id, date, details, id_transaction, name, value, order_id) values (10, '2018-11-17 23:46:36', 'Maecenas ut massa quis augue luctus tincidunt. Nulla mollis molestie lorem. Quisque ut erat.

Curabitur gravida nisi at nibh. In hac habitasse platea dictumst. Aliquam augue quam, sollicitudin vitae, consectetuer eget, rutrum at, lorem.', '64dda525-857a-4e7f-9911-b7038b8e6560', 'Gav Piaggia', 1, 24);
insert into bank_transaction (id, date, details, id_transaction, name, value, order_id) values (11, '2019-04-04 15:27:50', 'Fusce consequat. Nulla nisl. Nunc nisl.

Duis bibendum, felis sed interdum venenatis, turpis enim blandit mi, in porttitor pede justo eu massa. Donec dapibus. Duis at velit eu est congue elementum.', '0e2aff47-08af-4ec9-ac66-6ab122d0bfa8', 'Betsy Striker', 3, 43);
insert into bank_transaction (id, date, details, id_transaction, name, value, order_id) values (12, '2018-10-12 02:32:45', 'Proin interdum mauris non ligula pellentesque ultrices. Phasellus id sapien in sapien iaculis congue. Vivamus metus arcu, adipiscing molestie, hendrerit at, vulputate vitae, nisl.', '2501fc4d-ffbe-4d6d-b62c-193b69770898', 'Alanah Colegate', 33, 34);
insert into bank_transaction (id, date, details, id_transaction, name, value, order_id) values (13, '2018-11-20 20:19:10', 'Donec diam neque, vestibulum eget, vulputate ut, ultrices vel, augue. Vestibulum ante ipsum primis in faucibus orci luctus et ultrices posuere cubilia Curae; Donec pharetra, magna vestibulum aliquet ultrices, erat tortor sollicitudin mi, sit amet lobortis sapien sapien non mi. Integer ac neque.

Duis bibendum. Morbi non quam nec dui luctus rutrum. Nulla tellus.', '6f6c0ce1-ad26-45f8-8e16-18101c9afe35', 'Hillie Naish', 12, 3);
insert into bank_transaction (id, date, details, id_transaction, name, value, order_id) values (14, '2019-03-06 17:27:20', 'Nulla ut erat id mauris vulputate elementum. Nullam varius. Nulla facilisi.

Cras non velit nec nisi vulputate nonummy. Maecenas tincidunt lacus at velit. Vivamus vel nulla eget eros elementum pellentesque.', 'cf8a9102-226b-40d7-856f-5993dbf49910', 'Jesus Crippell', 28, 23);
insert into bank_transaction (id, date, details, id_transaction, name, value, order_id) values (15, '2018-12-09 16:25:36', 'Mauris enim leo, rhoncus sed, vestibulum sit amet, cursus id, turpis. Integer aliquet, massa id lobortis convallis, tortor risus dapibus augue, vel accumsan tellus nisi eu orci. Mauris lacinia sapien quis libero.

Nullam sit amet turpis elementum ligula vehicula consequat. Morbi a ipsum. Integer a nibh.', 'f93c4574-e38d-4119-83dc-225006d58d7d', 'Loren Iston', 32, 32);
insert into bank_transaction (id, date, details, id_transaction, name, value, order_id) values (16, '2018-07-07 07:23:34', 'Cum sociis natoque penatibus et magnis dis parturient montes, nascetur ridiculus mus. Vivamus vestibulum sagittis sapien. Cum sociis natoque penatibus et magnis dis parturient montes, nascetur ridiculus mus.', '8a4ec1db-892c-4549-ae50-7681e3626969', 'Vonny Lundon', 8, 44);
insert into bank_transaction (id, date, details, id_transaction, name, value, order_id) values (17, '2019-03-04 14:45:47', 'Duis bibendum, felis sed interdum venenatis, turpis enim blandit mi, in porttitor pede justo eu massa. Donec dapibus. Duis at velit eu est congue elementum.', '61d34a03-e74b-4fb9-b205-6ecafa1335d2', 'Gwenny Maylard', 31, 45);
insert into bank_transaction (id, date, details, id_transaction, name, value, order_id) values (18, '2019-01-23 14:47:50', 'Aliquam quis turpis eget elit sodales scelerisque. Mauris sit amet eros. Suspendisse accumsan tortor quis turpis.

Sed ante. Vivamus tortor. Duis mattis egestas metus.', 'bcfec5fb-0bd8-4427-8224-71687b828753', 'Myrtie Rulf', 1, 13);
insert into bank_transaction (id, date, details, id_transaction, name, value, order_id) values (19, '2018-07-05 03:55:58', 'In quis justo. Maecenas rhoncus aliquam lacus. Morbi quis tortor id nulla ultrices aliquet.', '322b341f-98d1-4621-9c41-5007c1d4be0d', 'George Toulamain', 6, 28);
insert into bank_transaction (id, date, details, id_transaction, name, value, order_id) values (20, '2018-11-15 19:29:06', 'Fusce consequat. Nulla nisl. Nunc nisl.

Duis bibendum, felis sed interdum venenatis, turpis enim blandit mi, in porttitor pede justo eu massa. Donec dapibus. Duis at velit eu est congue elementum.', 'c5580125-24dd-480f-a898-9a22eb37d8ef', 'Brandy Rubenov', 16, 34);
insert into bank_transaction (id, date, details, id_transaction, name, value, order_id) values (21, '2018-12-13 01:49:30', 'Praesent id massa id nisl venenatis lacinia. Aenean sit amet justo. Morbi ut odio.', 'de18b083-d0a3-4cfd-9135-46d77da25a11', 'Hillard Le Fleming', 11, 42);
insert into bank_transaction (id, date, details, id_transaction, name, value, order_id) values (22, '2018-06-30 06:59:53', 'Aliquam quis turpis eget elit sodales scelerisque. Mauris sit amet eros. Suspendisse accumsan tortor quis turpis.

Sed ante. Vivamus tortor. Duis mattis egestas metus.', '1fa6e5dd-1601-4fb5-8e16-c92e49eda7e9', 'Chrysa Brummitt', 18, 33);
insert into bank_transaction (id, date, details, id_transaction, name, value, order_id) values (23, '2018-09-12 03:37:30', 'Integer ac leo. Pellentesque ultrices mattis odio. Donec vitae nisi.', '87340eeb-c024-4498-afba-68018b3978b6', 'Tessi Bambrick', 26, 26);
insert into bank_transaction (id, date, details, id_transaction, name, value, order_id) values (24, '2018-10-30 19:29:09', 'Aenean fermentum. Donec ut mauris eget massa tempor convallis. Nulla neque libero, convallis eget, eleifend luctus, ultricies eu, nibh.

Quisque id justo sit amet sapien dignissim vestibulum. Vestibulum ante ipsum primis in faucibus orci luctus et ultrices posuere cubilia Curae; Nulla dapibus dolor vel est. Donec odio justo, sollicitudin ut, suscipit a, feugiat et, eros.', '6f6734a6-1e42-4f78-8737-2ab9fdfa1429', 'Ozzie Sambals', 26, 17);
insert into bank_transaction (id, date, details, id_transaction, name, value, order_id) values (25, '2018-06-20 16:51:39', 'Phasellus sit amet erat. Nulla tempus. Vivamus in felis eu sapien cursus vestibulum.

Proin eu mi. Nulla ac enim. In tempor, turpis nec euismod scelerisque, quam turpis adipiscing lorem, vitae mattis nibh ligula nec sem.', '916028fb-ffcb-49b6-ab22-1af02c5e7db2', 'Anna-diane Spensly', 4, 30);
insert into bank_transaction (id, date, details, id_transaction, name, value, order_id) values (26, '2019-01-07 18:33:24', 'Cras mi pede, malesuada in, imperdiet et, commodo vulputate, justo. In blandit ultrices enim. Lorem ipsum dolor sit amet, consectetuer adipiscing elit.

Proin interdum mauris non ligula pellentesque ultrices. Phasellus id sapien in sapien iaculis congue. Vivamus metus arcu, adipiscing molestie, hendrerit at, vulputate vitae, nisl.', '080b157b-77ce-41f2-99e7-9bf5dd600651', 'Neville Carlet', 22, 23);
insert into bank_transaction (id, date, details, id_transaction, name, value, order_id) values (27, '2018-07-13 20:26:18', 'Cras non velit nec nisi vulputate nonummy. Maecenas tincidunt lacus at velit. Vivamus vel nulla eget eros elementum pellentesque.', 'c3eb36cd-ccdb-4fe6-80f0-f7827cd2781a', 'Timothy Arendsen', 4, 49);
insert into bank_transaction (id, date, details, id_transaction, name, value, order_id) values (28, '2018-07-14 00:00:58', 'Integer ac leo. Pellentesque ultrices mattis odio. Donec vitae nisi.

Nam ultrices, libero non mattis pulvinar, nulla pede ullamcorper augue, a suscipit nulla elit ac nulla. Sed vel enim sit amet nunc viverra dapibus. Nulla suscipit ligula in lacus.', '142fc89c-7d63-4b09-96ae-2f027f393752', 'Jeffy McKay', 3, 14);
insert into bank_transaction (id, date, details, id_transaction, name, value, order_id) values (29, '2019-01-31 13:54:38', 'Morbi porttitor lorem id ligula. Suspendisse ornare consequat lectus. In est risus, auctor sed, tristique in, tempus sit amet, sem.

Fusce consequat. Nulla nisl. Nunc nisl.', 'eca0f4d6-08fd-4beb-a7a1-1a1c28698883', 'Elmira Aldersea', 13, 2);
insert into bank_transaction (id, date, details, id_transaction, name, value, order_id) values (30, '2018-08-20 15:02:07', 'Maecenas leo odio, condimentum id, luctus nec, molestie sed, justo. Pellentesque viverra pede ac diam. Cras pellentesque volutpat dui.', '6bc4a7c7-f62f-46e6-b95b-6544c06ed67d', 'Bryn Petrozzi', 28, 40);
insert into bank_transaction (id, date, details, id_transaction, name, value, order_id) values (31, '2018-07-28 11:37:19', 'Maecenas tristique, est et tempus semper, est quam pharetra magna, ac consequat metus sapien ut nunc. Vestibulum ante ipsum primis in faucibus orci luctus et ultrices posuere cubilia Curae; Mauris viverra diam vitae quam. Suspendisse potenti.', '62016538-4534-465e-8e95-e47fca888327', 'Adey Plante', 31, 28);
insert into bank_transaction (id, date, details, id_transaction, name, value, order_id) values (32, '2018-04-20 03:43:17', 'Phasellus sit amet erat. Nulla tempus. Vivamus in felis eu sapien cursus vestibulum.', 'b02993b3-88b5-464a-875a-3a06107c627c', 'Rivalee Consterdine', 1, 13);
insert into bank_transaction (id, date, details, id_transaction, name, value, order_id) values (33, '2019-02-12 17:42:25', 'Curabitur in libero ut massa volutpat convallis. Morbi odio odio, elementum eu, interdum eu, tincidunt in, leo. Maecenas pulvinar lobortis est.

Phasellus sit amet erat. Nulla tempus. Vivamus in felis eu sapien cursus vestibulum.', 'ed14bd4b-56bc-4bfe-afb0-15f9483f1e6c', 'Shurlock McIlwreath', 31, 22);
insert into bank_transaction (id, date, details, id_transaction, name, value, order_id) values (34, '2018-11-06 01:55:12', 'Praesent id massa id nisl venenatis lacinia. Aenean sit amet justo. Morbi ut odio.

Cras mi pede, malesuada in, imperdiet et, commodo vulputate, justo. In blandit ultrices enim. Lorem ipsum dolor sit amet, consectetuer adipiscing elit.', 'b0d5e454-1294-42b2-ada1-c6bac333452e', 'Peri Simonsson', 22, 3);
insert into bank_transaction (id, date, details, id_transaction, name, value, order_id) values (35, '2019-04-03 20:28:53', 'Phasellus sit amet erat. Nulla tempus. Vivamus in felis eu sapien cursus vestibulum.

Proin eu mi. Nulla ac enim. In tempor, turpis nec euismod scelerisque, quam turpis adipiscing lorem, vitae mattis nibh ligula nec sem.', '498547aa-3824-415a-afbf-7b752405c2db', 'Geoff Lemmen', 6, 2);
insert into bank_transaction (id, date, details, id_transaction, name, value, order_id) values (36, '2018-08-15 07:03:23', 'Morbi porttitor lorem id ligula. Suspendisse ornare consequat lectus. In est risus, auctor sed, tristique in, tempus sit amet, sem.', 'ca568d47-b6c8-4ed9-8408-788321884b27', 'Gloriane Squirrell', 4, 44);
insert into bank_transaction (id, date, details, id_transaction, name, value, order_id) values (37, '2019-03-04 12:50:41', 'Integer tincidunt ante vel ipsum. Praesent blandit lacinia erat. Vestibulum sed magna at nunc commodo placerat.', 'e815276f-ea7b-40bf-9b21-c5eee20aa5c7', 'Sheridan Nannizzi', 9, 26);
insert into bank_transaction (id, date, details, id_transaction, name, value, order_id) values (38, '2019-02-18 10:35:13', 'Nullam porttitor lacus at turpis. Donec posuere metus vitae ipsum. Aliquam non mauris.', '0298f51a-b7e0-4135-afdb-def1565d2327', 'Morton Derobert', 26, 19);
insert into bank_transaction (id, date, details, id_transaction, name, value, order_id) values (39, '2019-03-18 09:52:37', 'Curabitur in libero ut massa volutpat convallis. Morbi odio odio, elementum eu, interdum eu, tincidunt in, leo. Maecenas pulvinar lobortis est.

Phasellus sit amet erat. Nulla tempus. Vivamus in felis eu sapien cursus vestibulum.', '3c34589b-2d32-4644-9033-cbc2f93e495e', 'Kori Ruffey', 35, 47);
insert into bank_transaction (id, date, details, id_transaction, name, value, order_id) values (40, '2019-01-10 14:17:59', 'Phasellus sit amet erat. Nulla tempus. Vivamus in felis eu sapien cursus vestibulum.

Proin eu mi. Nulla ac enim. In tempor, turpis nec euismod scelerisque, quam turpis adipiscing lorem, vitae mattis nibh ligula nec sem.', '87ebfe17-3264-4ed2-b857-94848b248a50', 'Karalynn McKitterick', 6, 20);
insert into bank_transaction (id, date, details, id_transaction, name, value, order_id) values (41, '2018-12-04 04:31:38', 'Nullam sit amet turpis elementum ligula vehicula consequat. Morbi a ipsum. Integer a nibh.

In quis justo. Maecenas rhoncus aliquam lacus. Morbi quis tortor id nulla ultrices aliquet.', 'c3ee310c-1a0a-41ee-98fa-0f76a5225a3f', 'Clemmy Bettley', 21, 37);
insert into bank_transaction (id, date, details, id_transaction, name, value, order_id) values (42, '2018-09-19 23:37:25', 'Nullam sit amet turpis elementum ligula vehicula consequat. Morbi a ipsum. Integer a nibh.

In quis justo. Maecenas rhoncus aliquam lacus. Morbi quis tortor id nulla ultrices aliquet.', '66264dd7-61f6-46c9-b308-58d091ff3877', 'Bruno Merryweather', 33, 26);
insert into bank_transaction (id, date, details, id_transaction, name, value, order_id) values (43, '2018-11-14 22:12:21', 'Pellentesque at nulla. Suspendisse potenti. Cras in purus eu magna vulputate luctus.', '3e0b2a52-7e1d-4d36-b86b-60e2c1f5bac8', 'Lucio Agiolfinger', 20, 34);
insert into bank_transaction (id, date, details, id_transaction, name, value, order_id) values (44, '2018-11-17 10:04:02', 'Donec diam neque, vestibulum eget, vulputate ut, ultrices vel, augue. Vestibulum ante ipsum primis in faucibus orci luctus et ultrices posuere cubilia Curae; Donec pharetra, magna vestibulum aliquet ultrices, erat tortor sollicitudin mi, sit amet lobortis sapien sapien non mi. Integer ac neque.', '56c50366-c8ca-4726-9633-a118f4dad2f5', 'Gerik Grinsted', 22, 31);
insert into bank_transaction (id, date, details, id_transaction, name, value, order_id) values (45, '2018-11-15 10:08:54', 'Curabitur in libero ut massa volutpat convallis. Morbi odio odio, elementum eu, interdum eu, tincidunt in, leo. Maecenas pulvinar lobortis est.

Phasellus sit amet erat. Nulla tempus. Vivamus in felis eu sapien cursus vestibulum.', 'fcae03f0-61f0-42b6-93a8-0fe4f33a1eb0', 'Alejoa Meineking', 1, 45);
insert into bank_transaction (id, date, details, id_transaction, name, value, order_id) values (46, '2019-02-03 18:00:23', 'Pellentesque at nulla. Suspendisse potenti. Cras in purus eu magna vulputate luctus.

Cum sociis natoque penatibus et magnis dis parturient montes, nascetur ridiculus mus. Vivamus vestibulum sagittis sapien. Cum sociis natoque penatibus et magnis dis parturient montes, nascetur ridiculus mus.', '9732d4df-8e5d-4a90-bb3b-d6d42fdc571f', 'Conrade Garrick', 6, 41);
insert into bank_transaction (id, date, details, id_transaction, name, value, order_id) values (47, '2018-09-17 10:19:52', 'Lorem ipsum dolor sit amet, consectetuer adipiscing elit. Proin risus. Praesent lectus.', 'b2873b16-00c0-48b2-a188-90a2e79c7b99', 'Marlee Abercrombie', 23, 14);
insert into bank_transaction (id, date, details, id_transaction, name, value, order_id) values (48, '2018-05-24 09:10:52', 'Duis aliquam convallis nunc. Proin at turpis a pede posuere nonummy. Integer non velit.

Donec diam neque, vestibulum eget, vulputate ut, ultrices vel, augue. Vestibulum ante ipsum primis in faucibus orci luctus et ultrices posuere cubilia Curae; Donec pharetra, magna vestibulum aliquet ultrices, erat tortor sollicitudin mi, sit amet lobortis sapien sapien non mi. Integer ac neque.', 'aedcb4d8-375a-4678-a554-69389ef99551', 'Tommie Walls', 22, 14);
insert into bank_transaction (id, date, details, id_transaction, name, value, order_id) values (49, '2019-02-22 22:01:01', 'Nam ultrices, libero non mattis pulvinar, nulla pede ullamcorper augue, a suscipit nulla elit ac nulla. Sed vel enim sit amet nunc viverra dapibus. Nulla suscipit ligula in lacus.

Curabitur at ipsum ac tellus semper interdum. Mauris ullamcorper purus sit amet nulla. Quisque arcu libero, rutrum ac, lobortis vel, dapibus at, diam.', '3fc9a811-5cad-4e35-b8b6-eebb470696e6', 'Hamish O''Tierney', 24, 42);
insert into bank_transaction (id, date, details, id_transaction, name, value, order_id) values (50, '2018-06-14 15:01:16', 'Fusce posuere felis sed lacus. Morbi sem mauris, laoreet ut, rhoncus aliquet, pulvinar sed, nisl. Nunc rhoncus dui vel sem.

Sed sagittis. Nam congue, risus semper porta volutpat, quam pede lobortis ligula, sit amet eleifend pede libero quis orci. Nullam molestie nibh in lectus.', 'b84d78af-08df-4ec7-b43a-443ed75e67c3', 'Georgy Standbrook', 12, 32);

-- Employee
insert into employee (id, email, is_admin, name, password, username) values (1, 'gsposito0@nsw.gov.au', false, 'Gayla Sposito', '5be8f8de2266d7e75148e917fa74b3ee2d3b6b58', 'gsposito0');
insert into employee (id, email, is_admin, name, password, username) values (2, 'gstieger1@blogger.com', false, 'Grata Stieger', '0510d330e666d5ece1471e4911976e88f2488eee', 'gstieger1');
insert into employee (id, email, is_admin, name, password, username) values (3, 'qjayme2@marriott.com', false, 'Quillan Jayme', '8a7200c33abd28e5712285c20231e0bd1dd7759e', 'qjayme2');
insert into employee (id, email, is_admin, name, password, username) values (4, 'mspatarul3@parallels.com', false, 'Marie Spatarul', 'c7dcb1039ed7708afa118848cee644f959bba12b', 'mspatarul3');
insert into employee (id, email, is_admin, name, password, username) values (5, 'rkeyzor4@amazon.co.uk', false, 'Rodrique Keyzor', 'd163468c92f97e4b6d4436b29fa4aa4d0fdc74d2', 'rkeyzor4');
insert into employee (id, email, is_admin, name, password, username) values (6, 'erawne5@issuu.com', false, 'Eleen Rawne', 'd970579b2be66da288ba51f9732bd27e4c352e40', 'erawne5');
insert into employee (id, email, is_admin, name, password, username) values (7, 'dpeppard6@microsoft.com', false, 'Deana Peppard', '49baf017d0012a774ab9635eb8489713f926fdcc', 'dpeppard6');
insert into employee (id, email, is_admin, name, password, username) values (8, 'movize7@reverbnation.com', false, 'Miguela Ovize', '68594c8be212bbf5d2def146bfd045ef068675e7', 'movize7');
insert into employee (id, email, is_admin, name, password, username) values (9, 'rbaudesson8@facebook.com', false, 'Rochella Baudesson', '1570144c651c748a08841651af39fb05f79cde72', 'rbaudesson8');
insert into employee (id, email, is_admin, name, password, username) values (10, 'dmckellen9@yale.edu', false, 'Denis McKellen', '4276591646eba340739b00f24fed79928eb3fd32', 'dmckellen9');
insert into employee (id, email, is_admin, name, password, username) values (11, 'lborthwicka@economist.com', false, 'Lissi Borthwick', '57773c9bcadc1d58708e364a896fbf37779be76a', 'lborthwicka');
insert into employee (id, email, is_admin, name, password, username) values (12, 'tburdfieldb@clickbank.net', false, 'Tanya Burdfield', 'd2e06c64207d40b42d842447dc31d8ed3029a4e9', 'tburdfieldb');
insert into employee (id, email, is_admin, name, password, username) values (13, 'rbulfootc@studiopress.com', false, 'Rustin Bulfoot', '6a198773dc667b9f0e0e288dd0dcfaea8f129100', 'rbulfootc');
insert into employee (id, email, is_admin, name, password, username) values (14, 'krainyd@ox.ac.uk', false, 'Kelbee Rainy', '0fed7e80e52950ee3b50e09e80b4984d54bce886', 'krainyd');
insert into employee (id, email, is_admin, name, password, username) values (15, 'ddee@ucsd.edu', false, 'Deva De Lisle', 'beb860175b2daabe179ec6909d808155a5886b63', 'ddee');
insert into employee (id, email, is_admin, name, password, username) values (16, 'balthorpf@wsj.com', false, 'Brianna Althorp', 'ea65a198894e06480ada8a72658e982da81c243d', 'balthorpf');
insert into employee (id, email, is_admin, name, password, username) values (17, 'adinceyg@naver.com', false, 'Agathe Dincey', '5b3bea8a14f093cf140454d4b27c6fa34feba93f', 'adinceyg');
insert into employee (id, email, is_admin, name, password, username) values (18, 'gpirkish@seattletimes.com', false, 'Georgina Pirkis', '2ba1623500f8582bb29619814d3974039dff80d6', 'gpirkish');
insert into employee (id, email, is_admin, name, password, username) values (19, 'rivasechkoi@examiner.com', false, 'Rosamond Ivasechko', 'a8afdbd465806517af46ae11b7444cb5cb6e4e71', 'rivasechkoi');
insert into employee (id, email, is_admin, name, password, username) values (20, 'wgirardetj@un.org', false, 'Werner Girardet', 'bddc289811e2a707a081726bf780973a1d60de7e', 'wgirardetj');
insert into employee (id, email, is_admin, name, password, username) values (21, 'ecrocroftk@chicagotribune.com', false, 'Ellette Crocroft', '13988d083557a94cb1a7b58ca9c76328f5ef75db', 'ecrocroftk');
insert into employee (id, email, is_admin, name, password, username) values (22, 'ecaulkettl@salon.com', false, 'Emile Caulkett', '0b431dc0ba12ee9675635590293282f1eb4f9f1e', 'ecaulkettl');
insert into employee (id, email, is_admin, name, password, username) values (23, 'ofernehoughm@home.pl', false, 'Oswell Fernehough', 'b18d26b99cace50eff3248cafc985f047e07ed05', 'ofernehoughm');
insert into employee (id, email, is_admin, name, password, username) values (24, 'rkimbleyn@altervista.org', false, 'Roosevelt Kimbley', '6f84bc38a373b52e3d8471f3bd372a6894e209c8', 'rkimbleyn');
insert into employee (id, email, is_admin, name, password, username) values (25, 'nsawleyo@adobe.com', false, 'Nell Sawley', 'a401724c67e78b81eedcceb75e7e25673249cc60', 'nsawleyo');
insert into employee (id, email, is_admin, name, password, username) values (26, 'dastp@craigslist.org', false, 'Dyan Ast', '8047d0a22d514d701110c3f52b0cc7e01e4d05af', 'dastp');
insert into employee (id, email, is_admin, name, password, username) values (27, 'dvockinsq@scientificamerican.com', false, 'Delphinia Vockins', '581f6962934b57aecf8ff412368290b9509c9755', 'dvockinsq');
insert into employee (id, email, is_admin, name, password, username) values (28, 'santillr@baidu.com', false, 'Shelly Antill', '90d28abb79381e3641867eab2f1d3acf4b236fec', 'santillr');
insert into employee (id, email, is_admin, name, password, username) values (29, 'lconnerlys@a8.net', false, 'Lucine Connerly', '19e41f53eb4d2dbadcd348f0c81ceb145ec200cf', 'lconnerlys');
insert into employee (id, email, is_admin, name, password, username) values (30, 'sgrayshant@ed.gov', false, 'Sallyann Grayshan', 'bb2ea430ae427367e871d5f69bd21d411d5e3ad0', 'sgrayshant');
insert into employee (id, email, is_admin, name, password, username) values (31, 'umulveyu@ucoz.com', false, 'Urson Mulvey', '8bd535d60ed8e8f5de2b97d712f02a34af71a904', 'umulveyu');
insert into employee (id, email, is_admin, name, password, username) values (32, 'ublazav@ebay.co.uk', false, 'Ursa Blaza', '53324a6a8fddbadbddfe7eafa5bfa0df535a4f03', 'ublazav');
insert into employee (id, email, is_admin, name, password, username) values (33, 'bteasellw@macromedia.com', false, 'Brook Teasell', '558aeefad61f1c6af458dfa26d06e99880a6e841', 'bteasellw');
insert into employee (id, email, is_admin, name, password, username) values (34, 'tfitzackerleyx@trellian.com', false, 'Tommi Fitzackerley', '85cf4dfcda72cae0356f37ac2cb5269a8ff21f66', 'tfitzackerleyx');
insert into employee (id, email, is_admin, name, password, username) values (35, 'daingely@si.edu', false, 'Duke Aingel', 'a02d9582bdb67ad6d4e7f9c1fb2bf8deb3e22696', 'daingely');
insert into employee (id, email, is_admin, name, password, username) values (36, 'dgreystockz@statcounter.com', false, 'Dew Greystock', '1d9d39b7c1e3296d31645befe556d9f3ab5b14fe', 'dgreystockz');
insert into employee (id, email, is_admin, name, password, username) values (37, 'oestevez10@imageshack.us', false, 'Orly Estevez', 'b163f857b404355a1e35eeb3bd2ab5abc1db62ad', 'oestevez10');
insert into employee (id, email, is_admin, name, password, username) values (38, 'ksuche11@eepurl.com', false, 'Kennedy Suche', 'e766c4b0acb42a0b63c8c4aab89682e34b412618', 'ksuche11');
insert into employee (id, email, is_admin, name, password, username) values (39, 'aswindlehurst12@phpbb.com', false, 'Abby Swindlehurst', 'b4381343d37cb4b90e9655d14d276fb084603bc1', 'aswindlehurst12');
insert into employee (id, email, is_admin, name, password, username) values (40, 'cskoggins13@photobucket.com', false, 'Connor Skoggins', '76322264102daced39dd29051950d81577d5c6a9', 'cskoggins13');
insert into employee (id, email, is_admin, name, password, username) values (41, 'fgowman14@abc.net.au', false, 'Findlay Gowman', '233eba205f9c1179d4d4324fd9deb51a6079db30', 'fgowman14');
insert into employee (id, email, is_admin, name, password, username) values (42, 'hstutter15@japanpost.jp', false, 'Haywood Stutter', '9ea3ec905da372c2079cd5355ac6b5e6c63bc306', 'hstutter15');
insert into employee (id, email, is_admin, name, password, username) values (43, 'alogan16@google.co.uk', false, 'Angie Logan', '8fd1caa8b113bc0cb5770cc07f08c82495834e6a', 'alogan16');
insert into employee (id, email, is_admin, name, password, username) values (44, 'gblue17@vkontakte.ru', false, 'Gothart Blue', 'f7b9586f07cd8c91670161c2269ee15eb077d9b3', 'gblue17');
insert into employee (id, email, is_admin, name, password, username) values (45, 'eburberow18@loc.gov', false, 'Evey Burberow', 'f1b198ebb66e0249c6ca6c0f7fe2eb71d11f9614', 'eburberow18');
insert into employee (id, email, is_admin, name, password, username) values (46, 'dteasell19@ihg.com', false, 'Dominique Teasell', '53c20965b97b68b8632ada95983c5e2933bab020', 'dteasell19');
insert into employee (id, email, is_admin, name, password, username) values (47, 'ntrodden1a@drupal.org', false, 'Nonah Trodden', '0504c7eb31c469012f0e3e92a372f4ae62439655', 'ntrodden1a');
insert into employee (id, email, is_admin, name, password, username) values (48, 'starry1b@eventbrite.com', false, 'Scarlett Tarry', '24f0801ba9d9f90a3206b78a7cccbf1bcf9da138', 'starry1b');
insert into employee (id, email, is_admin, name, password, username) values (49, 'sloveguard1c@state.gov', false, 'Silvio Loveguard', '2847d6154d2463dc9827219bdd74c86e71994a7d', 'sloveguard1c');
insert into employee (id, email, is_admin, name, password, username) values (50, 'bbahls1d@friendfeed.com', false, 'Bridie Bahls', 'a8453e535d26841d30ee88127b78024cd9d07ede', 'bbahls1d');

-- Order Item
insert into order_item (id, order_id, recipe_id) values (1, 14, 29);
insert into order_item (id, order_id, recipe_id) values (2, 1, 10);
insert into order_item (id, order_id, recipe_id) values (3, 22, 4);
insert into order_item (id, order_id, recipe_id) values (4, 10, 2);
insert into order_item (id, order_id, recipe_id) values (5, 13, 1);
insert into order_item (id, order_id, recipe_id) values (6, 26, 36);
insert into order_item (id, order_id, recipe_id) values (7, 11, 16);
insert into order_item (id, order_id, recipe_id) values (8, 39, 24);
insert into order_item (id, order_id, recipe_id) values (9, 16, 32);
insert into order_item (id, order_id, recipe_id) values (10, 35, 16);
insert into order_item (id, order_id, recipe_id) values (11, 50, 39);
insert into order_item (id, order_id, recipe_id) values (12, 37, 6);
insert into order_item (id, order_id, recipe_id) values (13, 39, 21);
insert into order_item (id, order_id, recipe_id) values (14, 18, 7);
insert into order_item (id, order_id, recipe_id) values (15, 39, 3);
insert into order_item (id, order_id, recipe_id) values (16, 30, 15);
insert into order_item (id, order_id, recipe_id) values (17, 7, 7);
insert into order_item (id, order_id, recipe_id) values (18, 16, 39);
insert into order_item (id, order_id, recipe_id) values (19, 49, 45);
insert into order_item (id, order_id, recipe_id) values (20, 3, 46);
insert into order_item (id, order_id, recipe_id) values (21, 22, 41);
insert into order_item (id, order_id, recipe_id) values (22, 16, 44);
insert into order_item (id, order_id, recipe_id) values (23, 1, 43);
insert into order_item (id, order_id, recipe_id) values (24, 7, 39);
insert into order_item (id, order_id, recipe_id) values (25, 2, 24);
insert into order_item (id, order_id, recipe_id) values (26, 4, 23);
insert into order_item (id, order_id, recipe_id) values (27, 26, 28);
insert into order_item (id, order_id, recipe_id) values (28, 40, 40);
insert into order_item (id, order_id, recipe_id) values (29, 23, 22);
insert into order_item (id, order_id, recipe_id) values (30, 42, 40);
insert into order_item (id, order_id, recipe_id) values (31, 21, 8);
insert into order_item (id, order_id, recipe_id) values (32, 40, 36);
insert into order_item (id, order_id, recipe_id) values (33, 11, 24);
insert into order_item (id, order_id, recipe_id) values (34, 35, 49);
insert into order_item (id, order_id, recipe_id) values (35, 14, 40);
insert into order_item (id, order_id, recipe_id) values (36, 7, 38);
insert into order_item (id, order_id, recipe_id) values (37, 23, 35);
insert into order_item (id, order_id, recipe_id) values (38, 36, 15);
insert into order_item (id, order_id, recipe_id) values (39, 1, 44);
insert into order_item (id, order_id, recipe_id) values (40, 49, 46);
insert into order_item (id, order_id, recipe_id) values (41, 42, 27);
insert into order_item (id, order_id, recipe_id) values (42, 16, 9);
insert into order_item (id, order_id, recipe_id) values (43, 45, 16);
insert into order_item (id, order_id, recipe_id) values (44, 27, 28);
insert into order_item (id, order_id, recipe_id) values (45, 5, 22);
insert into order_item (id, order_id, recipe_id) values (46, 50, 37);
insert into order_item (id, order_id, recipe_id) values (47, 2, 19);
insert into order_item (id, order_id, recipe_id) values (48, 22, 1);
insert into order_item (id, order_id, recipe_id) values (49, 46, 44);
insert into order_item (id, order_id, recipe_id) values (50, 45, 21);
insert into order_item (id, order_id, recipe_id) values (51, 37, 4);
insert into order_item (id, order_id, recipe_id) values (52, 12, 49);
insert into order_item (id, order_id, recipe_id) values (53, 12, 17);
insert into order_item (id, order_id, recipe_id) values (54, 12, 10);
insert into order_item (id, order_id, recipe_id) values (55, 1, 27);
insert into order_item (id, order_id, recipe_id) values (56, 4, 47);
insert into order_item (id, order_id, recipe_id) values (57, 3, 27);
insert into order_item (id, order_id, recipe_id) values (58, 24, 23);
insert into order_item (id, order_id, recipe_id) values (59, 45, 15);
insert into order_item (id, order_id, recipe_id) values (60, 18, 26);
insert into order_item (id, order_id, recipe_id) values (61, 33, 29);
insert into order_item (id, order_id, recipe_id) values (62, 19, 20);
insert into order_item (id, order_id, recipe_id) values (63, 9, 35);
insert into order_item (id, order_id, recipe_id) values (64, 16, 24);
insert into order_item (id, order_id, recipe_id) values (65, 22, 12);
insert into order_item (id, order_id, recipe_id) values (66, 4, 15);
insert into order_item (id, order_id, recipe_id) values (67, 3, 49);
insert into order_item (id, order_id, recipe_id) values (68, 31, 27);
insert into order_item (id, order_id, recipe_id) values (69, 18, 49);
insert into order_item (id, order_id, recipe_id) values (70, 37, 2);
insert into order_item (id, order_id, recipe_id) values (71, 1, 12);
insert into order_item (id, order_id, recipe_id) values (72, 18, 39);
insert into order_item (id, order_id, recipe_id) values (73, 18, 32);
insert into order_item (id, order_id, recipe_id) values (74, 35, 4);
insert into order_item (id, order_id, recipe_id) values (75, 1, 21);
insert into order_item (id, order_id, recipe_id) values (76, 43, 30);
insert into order_item (id, order_id, recipe_id) values (77, 27, 49);
insert into order_item (id, order_id, recipe_id) values (78, 34, 19);
insert into order_item (id, order_id, recipe_id) values (79, 36, 10);
insert into order_item (id, order_id, recipe_id) values (80, 28, 43);
insert into order_item (id, order_id, recipe_id) values (81, 25, 30);
insert into order_item (id, order_id, recipe_id) values (82, 37, 33);
insert into order_item (id, order_id, recipe_id) values (83, 2, 46);
insert into order_item (id, order_id, recipe_id) values (84, 49, 48);
insert into order_item (id, order_id, recipe_id) values (85, 44, 8);
insert into order_item (id, order_id, recipe_id) values (86, 32, 30);
insert into order_item (id, order_id, recipe_id) values (87, 36, 22);
insert into order_item (id, order_id, recipe_id) values (88, 42, 9);
insert into order_item (id, order_id, recipe_id) values (89, 7, 36);
insert into order_item (id, order_id, recipe_id) values (90, 35, 20);
insert into order_item (id, order_id, recipe_id) values (91, 28, 12);
insert into order_item (id, order_id, recipe_id) values (92, 24, 50);
insert into order_item (id, order_id, recipe_id) values (93, 20, 11);
insert into order_item (id, order_id, recipe_id) values (94, 22, 25);
insert into order_item (id, order_id, recipe_id) values (95, 6, 46);
insert into order_item (id, order_id, recipe_id) values (96, 12, 25);
insert into order_item (id, order_id, recipe_id) values (97, 11, 33);
insert into order_item (id, order_id, recipe_id) values (98, 27, 4);
insert into order_item (id, order_id, recipe_id) values (99, 10, 48);
insert into order_item (id, order_id, recipe_id) values (100, 1, 8);

-- Order modifications
insert into order_modification (id, quantity, ingredient_id, order_item_id) values (1, 2, 15, 41); insert into order_modification (id, quantity, ingredient_id, order_item_id) values (2, 3, 6, 9); insert into order_modification (id, quantity, ingredient_id, order_item_id) values (3, 4, 33, 33); insert into order_modification (id, quantity, ingredient_id, order_item_id) values (4, -2, 47, 12); insert into order_modification (id, quantity, ingredient_id, order_item_id) values (5, 0, 2, 21); insert into order_modification (id, quantity, ingredient_id, order_item_id) values (6, 3, 15, 16); insert into order_modification (id, quantity, ingredient_id, order_item_id) values (7, 0, 21, 23); insert into order_modification (id, quantity, ingredient_id, order_item_id) values (8, 4, 23, 22); insert into order_modification (id, quantity, ingredient_id, order_item_id) values (9, 0, 3, 49); insert into order_modification (id, quantity, ingredient_id, order_item_id) values (10, 1, 9, 4); insert into order_modification (id, quantity, ingredient_id, order_item_id) values (11, 2, 25, 36); insert into order_modification (id, quantity, ingredient_id, order_item_id) values (12, 3, 20, 45); insert into order_modification (id, quantity, ingredient_id, order_item_id) values (13, 3, 15, 31); insert into order_modification (id, quantity, ingredient_id, order_item_id) values (14, -2, 32, 38); insert into order_modification (id, quantity, ingredient_id, order_item_id) values (15, 1, 31, 33); insert into order_modification (id, quantity, ingredient_id, order_item_id) values (16, 4, 24, 46); insert into order_modification (id, quantity, ingredient_id, order_item_id) values (17, -1, 2, 26); insert into order_modification (id, quantity, ingredient_id, order_item_id) values (18, -1, 22, 23); insert into order_modification (id, quantity, ingredient_id, order_item_id) values (19, 2, 28, 38); insert into order_modification (id, quantity, ingredient_id, order_item_id) values (20, 2, 2, 2); insert into order_modification (id, quantity, ingredient_id, order_item_id) values (21, 0, 14, 10); insert into order_modification (id, quantity, ingredient_id, order_item_id) values (22, -1, 48, 24); insert into order_modification (id, quantity, ingredient_id, order_item_id) values (23, -2, 37, 16); insert into order_modification (id, quantity, ingredient_id, order_item_id) values (24, 4, 4, 25); insert into order_modification (id, quantity, ingredient_id, order_item_id) values (25, -1, 8, 38); insert into order_modification (id, quantity, ingredient_id, order_item_id) values (26, 2, 8, 2); insert into order_modification (id, quantity, ingredient_id, order_item_id) values (27, 4, 15, 29); insert into order_modification (id, quantity, ingredient_id, order_item_id) values (28, 2, 18, 4); insert into order_modification (id, quantity, ingredient_id, order_item_id) values (29, 2, 26, 28); insert into order_modification (id, quantity, ingredient_id, order_item_id) values (30, 4, 44, 49); insert into order_modification (id, quantity, ingredient_id, order_item_id) values (31, 1, 29, 27); insert into order_modification (id, quantity, ingredient_id, order_item_id) values (32, 0, 25, 13); insert into order_modification (id, quantity, ingredient_id, order_item_id) values (33, 4, 9, 2); insert into order_modification (id, quantity, ingredient_id, order_item_id) values (34, -2, 37, 18); insert into order_modification (id, quantity, ingredient_id, order_item_id) values (35, -1, 33, 41); insert into order_modification (id, quantity, ingredient_id, order_item_id) values (36, 1, 5, 39); insert into order_modification (id, quantity, ingredient_id, order_item_id) values (37, 0, 7, 15); insert into order_modification (id, quantity, ingredient_id, order_item_id) values (38, 3, 16, 21); insert into order_modification (id, quantity, ingredient_id, order_item_id) values (39, 2, 48, 16); insert into order_modification (id, quantity, ingredient_id, order_item_id) values (40, -1, 3, 49); insert into order_modification (id, quantity, ingredient_id, order_item_id) values (41, 4, 15, 36); insert into order_modification (id, quantity, ingredient_id, order_item_id) values (42, 0, 5, 41); insert into order_modification (id, quantity, ingredient_id, order_item_id) values (43, 3, 47, 35); insert into order_modification (id, quantity, ingredient_id, order_item_id) values (44, 4, 23, 26); insert into order_modification (id, quantity, ingredient_id, order_item_id) values (45, 1, 35, 27); insert into order_modification (id, quantity, ingredient_id, order_item_id) values (46, 1, 32, 29); insert into order_modification (id, quantity, ingredient_id, order_item_id) values (47, -2, 39, 19); insert into order_modification (id, quantity, ingredient_id, order_item_id) values (48, 2, 8, 15); insert into order_modification (id, quantity, ingredient_id, order_item_id) values (49, 3, 16, 6); insert into order_modification (id, quantity, ingredient_id, order_item_id) values (50, 2, 12, 24); insert into order_modification (id, quantity, ingredient_id, order_item_id) values (51, 1, 9, 48); insert into order_modification (id, quantity, ingredient_id, order_item_id) values (52, 2, 22, 7); insert into order_modification (id, quantity, ingredient_id, order_item_id) values (53, 1, 30, 2); insert into order_modification (id, quantity, ingredient_id, order_item_id) values (54, -2, 12, 3); insert into order_modification (id, quantity, ingredient_id, order_item_id) values (55, 1, 14, 45); insert into order_modification (id, quantity, ingredient_id, order_item_id) values (56, 1, 10, 35); insert into order_modification (id, quantity, ingredient_id, order_item_id) values (57, -1, 38, 14); insert into order_modification (id, quantity, ingredient_id, order_item_id) values (58, -1, 39, 22); insert into order_modification (id, quantity, ingredient_id, order_item_id) values (59, 0, 8, 37); insert into order_modification (id, quantity, ingredient_id, order_item_id) values (60, -2, 19, 39); insert into order_modification (id, quantity, ingredient_id, order_item_id) values (61, -2, 20, 36); insert into order_modification (id, quantity, ingredient_id, order_item_id) values (62, 0, 41, 46); insert into order_modification (id, quantity, ingredient_id, order_item_id) values (63, 3, 8, 28); insert into order_modification (id, quantity, ingredient_id, order_item_id) values (64, 4, 42, 2); insert into order_modification (id, quantity, ingredient_id, order_item_id) values (65, -1, 13, 3); insert into order_modification (id, quantity, ingredient_id, order_item_id) values (66, 3, 11, 33); insert into order_modification (id, quantity, ingredient_id, order_item_id) values (67, 0, 43, 45); insert into order_modification (id, quantity, ingredient_id, order_item_id) values (68, 3, 44, 40); insert into order_modification (id, quantity, ingredient_id, order_item_id) values (69, 2, 37, 42); insert into order_modification (id, quantity, ingredient_id, order_item_id) values (70, -2, 20, 46); insert into order_modification (id, quantity, ingredient_id, order_item_id) values (71, 3, 1, 30); insert into order_modification (id, quantity, ingredient_id, order_item_id) values (72, 4, 31, 32); insert into order_modification (id, quantity, ingredient_id, order_item_id) values (73, 1, 2, 45); insert into order_modification (id, quantity, ingredient_id, order_item_id) values (74, 1, 15, 41); insert into order_modification (id, quantity, ingredient_id, order_item_id) values (75, 0, 1, 22); insert into order_modification (id, quantity, ingredient_id, order_item_id) values (76, -1, 41, 16); insert into order_modification (id, quantity, ingredient_id, order_item_id) values (77, 3, 48, 43); insert into order_modification (id, quantity, ingredient_id, order_item_id) values (78, 4, 45, 36); insert into order_modification (id, quantity, ingredient_id, order_item_id) values (79, 2, 38, 26); insert into order_modification (id, quantity, ingredient_id, order_item_id) values (80, 1, 30, 2); insert into order_modification (id, quantity, ingredient_id, order_item_id) values (81, 4, 44, 10); insert into order_modification (id, quantity, ingredient_id, order_item_id) values (82, 2, 40, 22); insert into order_modification (id, quantity, ingredient_id, order_item_id) values (83, 2, 3, 38); insert into order_modification (id, quantity, ingredient_id, order_item_id) values (84, -1, 5, 4); insert into order_modification (id, quantity, ingredient_id, order_item_id) values (85, -1, 41, 16); insert into order_modification (id, quantity, ingredient_id, order_item_id) values (86, 1, 4, 47); insert into order_modification (id, quantity, ingredient_id, order_item_id) values (87, 2, 25, 28); insert into order_modification (id, quantity, ingredient_id, order_item_id) values (88, 3, 11, 30); insert into order_modification (id, quantity, ingredient_id, order_item_id) values (89, 3, 9, 7); insert into order_modification (id, quantity, ingredient_id, order_item_id) values (90, 3, 19, 26); insert into order_modification (id, quantity, ingredient_id, order_item_id) values (91, 4, 50, 46); insert into order_modification (id, quantity, ingredient_id, order_item_id) values (92, 3, 39, 22); insert into order_modification (id, quantity, ingredient_id, order_item_id) values (93, 4, 27, 15); insert into order_modification (id, quantity, ingredient_id, order_item_id) values (94, 0, 41, 33); insert into order_modification (id, quantity, ingredient_id, order_item_id) values (95, 4, 2, 11); insert into order_modification (id, quantity, ingredient_id, order_item_id) values (96, -2, 35, 12); insert into order_modification (id, quantity, ingredient_id, order_item_id) values (97, 2, 40, 13); insert into order_modification (id, quantity, ingredient_id, order_item_id) values (98, 2, 1, 10); insert into order_modification (id, quantity, ingredient_id, order_item_id) values (99, 0, 24, 14); insert into order_modification (id, quantity, ingredient_id, order_item_id) values (100, -1, 21, 43); insert into order_modification (id, quantity, ingredient_id, order_item_id) values (101, 4, 35, 38); insert into order_modification (id, quantity, ingredient_id, order_item_id) values (102, -2, 40, 43); insert into order_modification (id, quantity, ingredient_id, order_item_id) values (103, 4, 40, 21); insert into order_modification (id, quantity, ingredient_id, order_item_id) values (104, -1, 43, 26); insert into order_modification (id, quantity, ingredient_id, order_item_id) values (105, 2, 42, 3); insert into order_modification (id, quantity, ingredient_id, order_item_id) values (106, 3, 8, 8); insert into order_modification (id, quantity, ingredient_id, order_item_id) values (107, 0, 49, 38); insert into order_modification (id, quantity, ingredient_id, order_item_id) values (108, -2, 43, 1); insert into order_modification (id, quantity, ingredient_id, order_item_id) values (109, 3, 11, 31); insert into order_modification (id, quantity, ingredient_id, order_item_id) values (110, 1, 19, 40); insert into order_modification (id, quantity, ingredient_id, order_item_id) values (111, 2, 34, 38); insert into order_modification (id, quantity, ingredient_id, order_item_id) values (112, 0, 18, 48); insert into order_modification (id, quantity, ingredient_id, order_item_id) values (113, 1, 25, 6); insert into order_modification (id, quantity, ingredient_id, order_item_id) values (114, 1, 12, 25); insert into order_modification (id, quantity, ingredient_id, order_item_id) values (115, -1, 25, 16); insert into order_modification (id, quantity, ingredient_id, order_item_id) values (116, 3, 18, 17); insert into order_modification (id, quantity, ingredient_id, order_item_id) values (117, 2, 12, 8); insert into order_modification (id, quantity, ingredient_id, order_item_id) values (118, -2, 17, 30); insert into order_modification (id, quantity, ingredient_id, order_item_id) values (119, 4, 16, 6); insert into order_modification (id, quantity, ingredient_id, order_item_id) values (120, -1, 50, 41); insert into order_modification (id, quantity, ingredient_id, order_item_id) values (121, 4, 30, 26); insert into order_modification (id, quantity, ingredient_id, order_item_id) values (122, 4, 1, 37); insert into order_modification (id, quantity, ingredient_id, order_item_id) values (123, 1, 26, 45); insert into order_modification (id, quantity, ingredient_id, order_item_id) values (124, 0, 48, 3); insert into order_modification (id, quantity, ingredient_id, order_item_id) values (125, 0, 22, 49); insert into order_modification (id, quantity, ingredient_id, order_item_id) values (126, -1, 10, 2); insert into order_modification (id, quantity, ingredient_id, order_item_id) values (127, -1, 20, 13); insert into order_modification (id, quantity, ingredient_id, order_item_id) values (128, 2, 39, 49); insert into order_modification (id, quantity, ingredient_id, order_item_id) values (129, 2, 48, 31); insert into order_modification (id, quantity, ingredient_id, order_item_id) values (130, -2, 43, 50); insert into order_modification (id, quantity, ingredient_id, order_item_id) values (131, -1, 10, 23); insert into order_modification (id, quantity, ingredient_id, order_item_id) values (132, 0, 48, 49); insert into order_modification (id, quantity, ingredient_id, order_item_id) values (133, -2, 16, 20); insert into order_modification (id, quantity, ingredient_id, order_item_id) values (134, 2, 36, 10); insert into order_modification (id, quantity, ingredient_id, order_item_id) values (135, 0, 4, 49); insert into order_modification (id, quantity, ingredient_id, order_item_id) values (136, -1, 25, 17); insert into order_modification (id, quantity, ingredient_id, order_item_id) values (137, -2, 40, 12); insert into order_modification (id, quantity, ingredient_id, order_item_id) values (138, 0, 34, 48); insert into order_modification (id, quantity, ingredient_id, order_item_id) values (139, -2, 41, 12); insert into order_modification (id, quantity, ingredient_id, order_item_id) values (140, 0, 38, 4); insert into order_modification (id, quantity, ingredient_id, order_item_id) values (141, 0, 13, 19); insert into order_modification (id, quantity, ingredient_id, order_item_id) values (142, 3, 26, 26); insert into order_modification (id, quantity, ingredient_id, order_item_id) values (143, 4, 47, 8); insert into order_modification (id, quantity, ingredient_id, order_item_id) values (144, 1, 26, 21); insert into order_modification (id, quantity, ingredient_id, order_item_id) values (145, -2, 6, 9); insert into order_modification (id, quantity, ingredient_id, order_item_id) values (146, 4, 1, 33); insert into order_modification (id, quantity, ingredient_id, order_item_id) values (147, -1, 12, 44); insert into order_modification (id, quantity, ingredient_id, order_item_id) values (148, 0, 15, 18); insert into order_modification (id, quantity, ingredient_id, order_item_id) values (149, -1, 10, 11); insert into order_modification (id, quantity, ingredient_id, order_item_id) values (150, 1, 47, 27); insert into order_modification (id, quantity, ingredient_id, order_item_id) values (151, -1, 13, 6); insert into order_modification (id, quantity, ingredient_id, order_item_id) values (152, 3, 6, 19); insert into order_modification (id, quantity, ingredient_id, order_item_id) values (153, 4, 2, 50); insert into order_modification (id, quantity, ingredient_id, order_item_id) values (154, 4, 25, 18); insert into order_modification (id, quantity, ingredient_id, order_item_id) values (155, -2, 12, 44); insert into order_modification (id, quantity, ingredient_id, order_item_id) values (156, 3, 31, 27); insert into order_modification (id, quantity, ingredient_id, order_item_id) values (157, 1, 25, 35); insert into order_modification (id, quantity, ingredient_id, order_item_id) values (158, -1, 39, 15); insert into order_modification (id, quantity, ingredient_id, order_item_id) values (159, 2, 29, 15); insert into order_modification (id, quantity, ingredient_id, order_item_id) values (160, 2, 35, 40); insert into order_modification (id, quantity, ingredient_id, order_item_id) values (161, 4, 36, 39); insert into order_modification (id, quantity, ingredient_id, order_item_id) values (162, -2, 28, 19); insert into order_modification (id, quantity, ingredient_id, order_item_id) values (163, -1, 25, 50); insert into order_modification (id, quantity, ingredient_id, order_item_id) values (164, 0, 26, 1); insert into order_modification (id, quantity, ingredient_id, order_item_id) values (165, -2, 42, 22); insert into order_modification (id, quantity, ingredient_id, order_item_id) values (166, 1, 3, 5); insert into order_modification (id, quantity, ingredient_id, order_item_id) values (167, -2, 38, 4); insert into order_modification (id, quantity, ingredient_id, order_item_id) values (168, 0, 22, 5); insert into order_modification (id, quantity, ingredient_id, order_item_id) values (169, -1, 4, 44); insert into order_modification (id, quantity, ingredient_id, order_item_id) values (170, 4, 25, 3); insert into order_modification (id, quantity, ingredient_id, order_item_id) values (171, 2, 33, 46); insert into order_modification (id, quantity, ingredient_id, order_item_id) values (172, 4, 4, 13); insert into order_modification (id, quantity, ingredient_id, order_item_id) values (173, 0, 41, 12); insert into order_modification (id, quantity, ingredient_id, order_item_id) values (174, 3, 28, 23); insert into order_modification (id, quantity, ingredient_id, order_item_id) values (175, 4, 45, 12); insert into order_modification (id, quantity, ingredient_id, order_item_id) values (176, 4, 41, 40); insert into order_modification (id, quantity, ingredient_id, order_item_id) values (177, 0, 1, 32); insert into order_modification (id, quantity, ingredient_id, order_item_id) values (178, -2, 8, 34); insert into order_modification (id, quantity, ingredient_id, order_item_id) values (179, 0, 2, 16); insert into order_modification (id, quantity, ingredient_id, order_item_id) values (180, 0, 18, 36); insert into order_modification (id, quantity, ingredient_id, order_item_id) values (181, 4, 46, 33); insert into order_modification (id, quantity, ingredient_id, order_item_id) values (182, 3, 38, 2); insert into order_modification (id, quantity, ingredient_id, order_item_id) values (183, 1, 35, 28); insert into order_modification (id, quantity, ingredient_id, order_item_id) values (184, -1, 46, 47); insert into order_modification (id, quantity, ingredient_id, order_item_id) values (185, 1, 5, 19); insert into order_modification (id, quantity, ingredient_id, order_item_id) values (186, 4, 24, 45); insert into order_modification (id, quantity, ingredient_id, order_item_id) values (187, 3, 29, 45); insert into order_modification (id, quantity, ingredient_id, order_item_id) values (188, 0, 19, 26); insert into order_modification (id, quantity, ingredient_id, order_item_id) values (189, 3, 36, 32); insert into order_modification (id, quantity, ingredient_id, order_item_id) values (190, 1, 20, 5); insert into order_modification (id, quantity, ingredient_id, order_item_id) values (191, 0, 50, 33); insert into order_modification (id, quantity, ingredient_id, order_item_id) values (192, -1, 12, 42); insert into order_modification (id, quantity, ingredient_id, order_item_id) values (193, -2, 24, 43); insert into order_modification (id, quantity, ingredient_id, order_item_id) values (194, -2, 37, 45); insert into order_modification (id, quantity, ingredient_id, order_item_id) values (195, 2, 25, 32); insert into order_modification (id, quantity, ingredient_id, order_item_id) values (196, -1, 4, 45); insert into order_modification (id, quantity, ingredient_id, order_item_id) values (197, -1, 12, 27); insert into order_modification (id, quantity, ingredient_id, order_item_id) values (198, -2, 5, 19); insert into order_modification (id, quantity, ingredient_id, order_item_id) values (199, 3, 13, 2); insert into order_modification (id, quantity, ingredient_id, order_item_id) values (200, 3, 50, 12);

-- Supplier
insert into supplier (id, name, ingredient_id) values (1, 'La Jolla Pharmaceutical Company', 22);
insert into supplier (id, name, ingredient_id) values (2, 'Prudential Financial, Inc.', 45);
insert into supplier (id, name, ingredient_id) values (3, 'Lincoln National Corporation', 29);
insert into supplier (id, name, ingredient_id) values (4, 'MarketAxess Holdings, Inc.', 21);
insert into supplier (id, name, ingredient_id) values (5, 'First Trust Japan AlphaDEX Fund', 21);
insert into supplier (id, name, ingredient_id) values (6, 'Modern Media Acquisition Corp.', 43);
insert into supplier (id, name, ingredient_id) values (7, 'GP Strategies Corporation', 13);
insert into supplier (id, name, ingredient_id) values (8, 'Mercantile Bank Corporation', 47);
insert into supplier (id, name, ingredient_id) values (9, 'Plains Group Holdings, L.P.', 24);
insert into supplier (id, name, ingredient_id) values (10, 'Turning Point Brands, Inc.', 8);
insert into supplier (id, name, ingredient_id) values (11, 'Adaptimmune Therapeutics plc', 39);
insert into supplier (id, name, ingredient_id) values (12, 'Geron Corporation', 35);
insert into supplier (id, name, ingredient_id) values (13, 'Becton, Dickinson and Company', 15);
insert into supplier (id, name, ingredient_id) values (14, 'Jounce Therapeutics, Inc.', 8);
insert into supplier (id, name, ingredient_id) values (15, 'Pure Storage, Inc. ', 45);
insert into supplier (id, name, ingredient_id) values (16, 'Global X NASDAQ China Technology ETF', 4);
insert into supplier (id, name, ingredient_id) values (17, 'Sensient Technologies Corporation', 10);
insert into supplier (id, name, ingredient_id) values (18, 'Ituran Location and Control Ltd.', 21);
insert into supplier (id, name, ingredient_id) values (19, 'Colony NorthStar, Inc.', 17);
insert into supplier (id, name, ingredient_id) values (20, 'NCR Corporation', 9);
insert into supplier (id, name, ingredient_id) values (21, 'Qwest Corporation', 29);
insert into supplier (id, name, ingredient_id) values (22, 'Equity Commonwealth', 33);
insert into supplier (id, name, ingredient_id) values (23, 'Spok Holdings, Inc.', 29);
insert into supplier (id, name, ingredient_id) values (24, 'Truett-Hurst, Inc.', 5);
insert into supplier (id, name, ingredient_id) values (25, 'Sensus Healthcare, Inc.', 24);
insert into supplier (id, name, ingredient_id) values (26, 'Foot Locker, Inc.', 30);
insert into supplier (id, name, ingredient_id) values (27, 'Boyd Gaming Corporation', 45);
insert into supplier (id, name, ingredient_id) values (28, 'Avianca Holdings S.A.', 23);
insert into supplier (id, name, ingredient_id) values (29, 'Vanguard Intermediate -Term Government Bond ETF', 25);
insert into supplier (id, name, ingredient_id) values (30, 'Noble Corporation', 33);
insert into supplier (id, name, ingredient_id) values (31, 'Hersha Hospitality Trust', 38);
insert into supplier (id, name, ingredient_id) values (32, 'PowerShares S&P SmallCap Financials Portfolio', 33);
insert into supplier (id, name, ingredient_id) values (33, 'Trinseo S.A.', 21);
insert into supplier (id, name, ingredient_id) values (34, 'Alliance MMA, Inc.', 41);
insert into supplier (id, name, ingredient_id) values (35, 'iPath US Treasury 2-year Bull ETN', 50);
insert into supplier (id, name, ingredient_id) values (36, 'Nuveen Enhanced Municipal Value Fund', 8);
insert into supplier (id, name, ingredient_id) values (37, 'Civitas Solutions, Inc.', 41);
insert into supplier (id, name, ingredient_id) values (38, 'Bellerophon Therapeutics, Inc.', 6);
insert into supplier (id, name, ingredient_id) values (39, 'Blackrock MuniYield California Fund, Inc.', 21);
insert into supplier (id, name, ingredient_id) values (40, 'Assurant, Inc.', 48);
insert into supplier (id, name, ingredient_id) values (41, 'Harley-Davidson, Inc.', 5);
insert into supplier (id, name, ingredient_id) values (42, 'Eaton Vance Corporation', 26);
insert into supplier (id, name, ingredient_id) values (43, 'Remark Holdings, Inc.', 15);
insert into supplier (id, name, ingredient_id) values (44, 'iShares MSCI New Zealand Capped ETF', 10);
insert into supplier (id, name, ingredient_id) values (45, 'Mexico Equity and Income Fund, Inc. (The)', 40);
insert into supplier (id, name, ingredient_id) values (46, 'Preformed Line Products Company', 7);
insert into supplier (id, name, ingredient_id) values (47, 'Five9, Inc.', 1);
insert into supplier (id, name, ingredient_id) values (48, 'Meridian Waste Solutions, Inc', 30);
insert into supplier (id, name, ingredient_id) values (49, 'Arrow DWA Tactical ETF', 27);
insert into supplier (id, name, ingredient_id) values (50, 'EnPro Industries', 37);